30;04/04/2022;10221;10164;1828.08;10.01;CART PRIVATE LABEL;CNF 645252345 / RC 647145155 / RC 647147334 / NFC-e 000019249
30;11/04/2022;10221;10164;461.61;10.01;CART PRIVATE LABEL;CNF 652204658 / NFC-e 000027936
30;27/04/2022;10221;10164;92.07;10.01;CART PRIVATE LABEL;CNF 659903207 / NFC-e 000028160
30;27/04/2022;10221;10164;511.56;10.01;CART PRIVATE LABEL;CNF 659941063 / NFC-e 000019756
30;27/04/2022;10221;10164;123.3;10.01;CART PRIVATE LABEL;CNF 659941097 / RC 660111058 / NFC-e 000019752
30;05/04/2022;511077;10164;533.0;10.01;CART FORTBRASIL;CNF 646777522 / NFC-e 000019256 / RC 647431134 / RC 647431711
30;05/04/2022;511077;10164;1974.0;10.01;CART FORTBRASIL;CNF 647275813 / RC 647468164 / NFC-e 000019261
30;09/04/2022;511077;10164;335.0;10.01;CART FORTBRASIL;CNF 649746981 / NFC-e 000019357 / RC 650818139
30;11/04/2022;511077;10164;548.0;10.01;CART FORTBRASIL;CNF 652456443 / RC 652755027 / NFC-e 000019403
30;20/04/2022;511077;10164;1159.1;10.01;CART FORTBRASIL;CNF 657010159 / NFC-e 000027577
30;20/04/2022;511077;10164;186.07;10.01;CART FORTBRASIL;CNF 657166350 / RC 657251104 / NFC-e 000019594
30;20/04/2022;511077;10164;924.0;10.01;CART FORTBRASIL;CNF 657166479 / RC 657302307 / NFC-e 000019599
30;28/04/2022;511077;10164;139.6;10.01;CART FORTBRASIL;CNF 660436816 / RC 660557879 / NFC-e 000019785
30;30/04/2022;511077;10164;1000.0;10.01;CART FORTBRASIL;CNF 661158598 / NFC-e 000019829 / RC 661235774
30;02/04/2022;511077;10164;327.3;10.01;CART FORTBRASIL;NFC-e 000019202
30;11/04/2022;511077;10164;95.49;10.01;CART FORTBRASIL;NFC-e 000019371
30;13/04/2022;511077;10164;143.82;10.01;CART FORTBRASIL;NFC-e 000019455
30;18/04/2022;511077;10164;339.9;10.01;CART FORTBRASIL;NFC-e 000019522
30;20/04/2022;511077;10164;99.0;10.01;CART FORTBRASIL;NFC-e 000019605
30;25/04/2022;511077;10164;547.75;10.01;CART FORTBRASIL;NFC-e 000019695
30;26/04/2022;511077;10164;223.68;10.01;CART FORTBRASIL;NFC-e 000019729
30;02/04/2022;10221;10164;573.5;10.01;CART HIPERCARD PAGSEGURO;CNF 643787890 / NFC-e 000019211
30;02/04/2022;10221;10164;653.15;10.01;CART HIPERCARD PAGSEGURO;CNF 644745187 / NFC-e 000019213
30;04/04/2022;10221;10164;736.78;10.01;CART HIPERCARD PAGSEGURO;CNF 646178464 / NFC-e 000019242
30;04/04/2022;10221;10164;611.44;10.01;CART HIPERCARD PAGSEGURO;CNF 646453227 / RC 647170187 / NFC-e 000019248
30;05/04/2022;10221;10164;1350.1;10.01;CART HIPERCARD PAGSEGURO;CNF 647431535 / NFC-e 000019395
30;06/04/2022;10221;10164;210.92;10.01;CART HIPERCARD PAGSEGURO;CNF 648021351 / RC 648243449 / NFC-e 000019280
30;09/04/2022;10221;10164;20.0;10.01;CART HIPERCARD PAGSEGURO;CNF 649747129 / RC 651169297 / NFC-e 000019362
30;08/04/2022;10221;10164;1471.2;10.01;CART HIPERCARD PAGSEGURO;CNF 650036940 / RC 650364619 / NFC-e 000019339
30;08/04/2022;10221;10164;374.84;10.01;CART HIPERCARD PAGSEGURO;CNF 650037026 / NFC-e 000019341 / RC 650364747 / RC 650364680
30;11/04/2022;10221;10164;3428.52;10.01;CART HIPERCARD PAGSEGURO;CNF 651091916 / NFC-e 000019553 / NFC-e 000014470
30;19/04/2022;10221;10164;124.9;10.01;CART HIPERCARD PAGSEGURO;CNF 656359122 / NFC-e 000028061
30;20/04/2022;10221;10164;853.0;10.01;CART HIPERCARD PAGSEGURO;CNF 656604483 / RC 657357952 / NFC-e 000019604
30;19/04/2022;10221;10164;1513.6;10.01;CART HIPERCARD PAGSEGURO;CNF 656754648 / NFC-e 000028060
30;19/04/2022;10221;10164;588.34;10.01;CART HIPERCARD PAGSEGURO;CNF 656844856 / RC 657049109 / NFC-e 000019571
30;21/04/2022;10221;10164;4028.88;10.01;CART HIPERCARD PAGSEGURO;CNF 657229254 / NFC-e 000028104
30;26/04/2022;10221;10164;186.07;10.01;CART HIPERCARD PAGSEGURO;CNF 659053887 / RC 659455172 / NFC-e 000019713
30;30/04/2022;10221;10164;72.72;10.01;CART HIPERCARD PAGSEGURO;CNF 660358366 / RC 661316770 / NFC-e 000019835
30;30/04/2022;10221;10164;112.16;10.01;CART HIPERCARD PAGSEGURO;CNF 661048914 / RC 661191768 / NFC-e 000019823
30;30/04/2022;10221;10164;181.42;10.01;CART HIPERCARD PAGSEGURO;CNF 661137212 / RC 661193820 / NFC-e 000019825
30;01/04/2022;10221;10164;849.01;10.01;CART HIPERCARD PAGSEGURO;NFC-e 000019179
30;02/04/2022;10221;10164;90.24;10.01;CART HIPERCARD PAGSEGURO;NFC-e 000019206
30;06/04/2022;10221;10164;653.15;10.01;CART HIPERCARD PAGSEGURO;NFC-e 000019279
30;06/04/2022;10221;10164;106.16;10.01;CART HIPERCARD PAGSEGURO;NFC-e 000019292
30;11/04/2022;10221;10164;101.87;10.01;CART HIPERCARD PAGSEGURO;NFC-e 000019373
30;11/04/2022;10221;10164;618.5;10.01;CART HIPERCARD PAGSEGURO;NFC-e 000019399
30;14/04/2022;10221;10164;147.75;10.01;CART HIPERCARD PAGSEGURO;NFC-e 000019485
30;20/04/2022;10221;10164;107.16;10.01;CART HIPERCARD PAGSEGURO;NFC-e 000019576
30;20/04/2022;10221;10164;139.9;10.01;CART HIPERCARD PAGSEGURO;NFC-e 000019607
30;22/04/2022;10221;10164;197.0;10.01;CART HIPERCARD PAGSEGURO;NFC-e 000019632
30;23/04/2022;10221;10164;124.9;10.01;CART HIPERCARD PAGSEGURO;NFC-e 000019676
30;26/04/2022;10221;10164;126.64;10.01;CART HIPERCARD PAGSEGURO;NFC-e 000019714
30;26/04/2022;10221;10164;503.96;10.01;CART HIPERCARD PAGSEGURO;NFC-e 000019717
30;29/04/2022;10221;10164;383.35;10.01;CART HIPERCARD PAGSEGURO;NFC-e 000019816
30;07/04/2022;45764;10164;236.54;10.01;CART ELO CREDITO PAGSEGURO;CNF 647149150 / RC 649053566 / NFC-e 000019310
30;09/04/2022;45764;10164;326.0;10.01;CART ELO CREDITO PAGSEGURO;CNF 651091743 / RC 651399146 / NFC-e 000019368
30;11/04/2022;45764;10164;203.74;10.01;CART ELO CREDITO PAGSEGURO;CNF 652047867 / NFe 000015788
30;13/04/2022;45764;10164;653.15;10.01;CART ELO CREDITO PAGSEGURO;CNF 653913357 / NFC-e 000019458
30;19/04/2022;45764;10164;170.0;10.01;CART ELO CREDITO PAGSEGURO;CNF 655232721 / RC 656572368 / NFC-e 000019549
30;22/04/2022;45764;10164;300.8;10.01;CART ELO CREDITO PAGSEGURO;CNF 657776497 / NFC-e 000028092 / RC 657911672
30;27/04/2022;45764;10164;1197.28;10.01;CART ELO CREDITO PAGSEGURO;CNF 659903207 / NFC-e 000028160
30;29/04/2022;45764;10164;252.48;10.01;CART ELO CREDITO PAGSEGURO;NFC-e 000019815
30;01/04/2022;10221;10164;1034.0;10.01;CART MASTERCARD PAGSEGURO;CNF 642957121 / NFC-e 000019173 / RC 644054654
30;01/04/2022;10221;10164;141.96;10.01;CART MASTERCARD PAGSEGURO;CNF 643397675 / NFC-e 000019160 / RC 643834731
30;01/04/2022;10221;10164;189.34;10.01;CART MASTERCARD PAGSEGURO;CNF 643634954 / NFC-e 000019172 / RC 644068640
30;01/04/2022;10221;10164;119.0;10.01;CART MASTERCARD PAGSEGURO;CNF 643635015 / RC 644076261 / NFC-e 000019174
30;01/04/2022;10221;10164;677.4;10.01;CART MASTERCARD PAGSEGURO;CNF 643919859 / NFC-e 000019182 / RC 644278223
30;01/04/2022;10221;10164;259.54;10.01;CART MASTERCARD PAGSEGURO;CNF 644079407 / RC 644240289 / NFC-e 000019180
30;01/04/2022;10221;10164;170.29;10.01;CART MASTERCARD PAGSEGURO;CNF 644079577 / RC 644634887 / NFC-e 000027390
30;02/04/2022;10221;10164;618.96;10.01;CART MASTERCARD PAGSEGURO;CNF 644208616 / NFC-e 000019203 / RC 645161996
30;02/04/2022;10221;10164;1258.92;10.01;CART MASTERCARD PAGSEGURO;CNF 644858287 / RC 647137209 / NFC-e 000019247
30;04/04/2022;10221;10164;508.32;10.01;CART MASTERCARD PAGSEGURO;CNF 645252328 / NFC-e 000019231
30;05/04/2022;10221;10164;493.15;10.01;CART MASTERCARD PAGSEGURO;CNF 647431425 / NFC-e 000019265
30;05/04/2022;10221;10164;838.8;10.01;CART MASTERCARD PAGSEGURO;CNF 647431483 / NFC-e 000019264
30;05/04/2022;10221;10164;174.88;10.01;CART MASTERCARD PAGSEGURO;CNF 647516254 / RC 647868737 / NFC-e 000019268
30;06/04/2022;10221;10164;2256.84;10.01;CART MASTERCARD PAGSEGURO;CNF 647796270 / NFC-e 000022146
30;06/04/2022;10221;10164;130.96;10.01;CART MASTERCARD PAGSEGURO;CNF 648021284 / NFC-e 000019278 / RC 648186861
30;06/04/2022;10221;10164;190.1;10.01;CART MASTERCARD PAGSEGURO;CNF 648116854 / RC 648346503 / NFC-e 000019285
30;06/04/2022;10221;10164;626.0;10.01;CART MASTERCARD PAGSEGURO;CNF 648174158 / RC 649611722 / NFC-e 000019321
30;06/04/2022;10221;10164;139.6;10.01;CART MASTERCARD PAGSEGURO;CNF 648529742 / NFC-e 000019294 / RC 648662907
30;06/04/2022;10221;10164;1886.4;10.01;CART MASTERCARD PAGSEGURO;CNF 648529837 / NFC-e 000027432 / RC 649028593
30;06/04/2022;10221;10164;512.04;10.01;CART MASTERCARD PAGSEGURO;CNF 648640032 / NFC-e 000019374
30;06/04/2022;10221;10164;563.4;10.01;CART MASTERCARD PAGSEGURO;CNF 648640184 / NFC-e 000019299
30;07/04/2022;10221;10164;50.0;10.01;CART MASTERCARD PAGSEGURO;CNF 648757360 / NFC-e 000019317 / RC 649504616
30;08/04/2022;10221;10164;258.32;10.01;CART MASTERCARD PAGSEGURO;CNF 648758685 / NFC-e 000019324 / RC 649750936 / RC 649740167
30;08/04/2022;10221;10164;655.0;10.01;CART MASTERCARD PAGSEGURO;CNF 648758735 / RC 649816095 / NFC-e 000019327
30;08/04/2022;10221;10164;655.0;10.01;CART MASTERCARD PAGSEGURO;CNF 648758806 / NFC-e 000019338 / RC 650296692
30;09/04/2022;10221;10164;974.0;10.01;CART MASTERCARD PAGSEGURO;CNF 648758880 / RC 650490863 / NFC-e 000019347
30;08/04/2022;10221;10164;123.3;10.01;CART MASTERCARD PAGSEGURO;CNF 649618968 / RC 650024007 / NFC-e 000019329
30;09/04/2022;10221;10164;1128.0;10.01;CART MASTERCARD PAGSEGURO;CNF 649747058 / RC 650956387 / RC 650956464 / NFC-e 000019361
30;09/04/2022;10221;10164;99.0;10.01;CART MASTERCARD PAGSEGURO;CNF 649747129 / RC 651169297 / NFC-e 000019362
30;08/04/2022;10221;10164;468.4;10.01;CART MASTERCARD PAGSEGURO;CNF 649799219 / NFC-e 000019336 / RC 650350844 / RC 650350926 / RC 650351007
30;08/04/2022;10221;10164;168.49;10.01;CART MASTERCARD PAGSEGURO;CNF 649799402 / NFC-e 000027918 / RC 650351109
30;08/04/2022;10221;10164;617.75;10.01;CART MASTERCARD PAGSEGURO;CNF 650037023 / NFC-e 000019342
30;08/04/2022;10221;10164;101.14;10.01;CART MASTERCARD PAGSEGURO;CNF 650071316 / RC 650364852 / NFC-e 000019344
30;09/04/2022;10221;10164;682.56;10.01;CART MASTERCARD PAGSEGURO;CNF 650071370 / NFC-e 000019346
30;09/04/2022;10221;10164;99.34;10.01;CART MASTERCARD PAGSEGURO;CNF 650071486 / RC 650570184 / NFC-e 000019349
30;09/04/2022;10221;10164;1219.0;10.01;CART MASTERCARD PAGSEGURO;CNF 650071526 / NFC-e 000014466 / NFC-e 000019552
30;09/04/2022;10221;10164;524.3;10.01;CART MASTERCARD PAGSEGURO;CNF 650261545 / NFC-e 000019360
30;09/04/2022;10221;10164;1704.75;10.01;CART MASTERCARD PAGSEGURO;CNF 650261590 / NFC-e 000014650
30;09/04/2022;10221;10164;100.44;10.01;CART MASTERCARD PAGSEGURO;CNF 650587068 / NFC-e 000019359 / RC 650868919
30;09/04/2022;10221;10164;279.01;10.01;CART MASTERCARD PAGSEGURO;CNF 650587116 / NFC-e 000027456
30;09/04/2022;10221;10164;270.24;10.01;CART MASTERCARD PAGSEGURO;CNF 650587228 / RC 651203929 / RC 651203862 / NFC-e 000019365
30;09/04/2022;10221;10164;1919.0;10.01;CART MASTERCARD PAGSEGURO;CNF 650711000 / NFC-e 000019609
30;09/04/2022;10221;10164;576.3;10.01;CART MASTERCARD PAGSEGURO;CNF 650711037 / NFC-e 000027462
30;11/04/2022;10221;10164;750.9;10.01;CART MASTERCARD PAGSEGURO;CNF 651187267 / NFC-e 000019380 / RC 652346027
30;11/04/2022;10221;10164;157.35;10.01;CART MASTERCARD PAGSEGURO;CNF 651985177 / NFC-e 000019405 / RC 652868154
30;11/04/2022;10221;10164;1219.0;10.01;CART MASTERCARD PAGSEGURO;CNF 652204587 / NFC-e 000019491
30;11/04/2022;10221;10164;103.36;10.01;CART MASTERCARD PAGSEGURO;CNF 652456389 / NFC-e 000019400 / RC 652665630
30;12/04/2022;10221;10164;170.0;10.01;CART MASTERCARD PAGSEGURO;CNF 652456596 / NFC-e 000019406 / RC 653019676
30;14/04/2022;10221;10164;511.14;10.01;CART MASTERCARD PAGSEGURO;CNF 652810107 / RC 654677924 / RC 654678769 / NFC-e 000019482
30;12/04/2022;10221;10164;650.8;10.01;CART MASTERCARD PAGSEGURO;CNF 653078760 / NFC-e 000019416 / RC 653274295
30;12/04/2022;10221;10164;201.44;10.01;CART MASTERCARD PAGSEGURO;CNF 653243396 / RC 653283960 / NFC-e 000019415
30;12/04/2022;10221;10164;126.73;10.01;CART MASTERCARD PAGSEGURO;CNF 653259787 / RC 653350152 / NFC-e 000019418
30;12/04/2022;10221;10164;525.8;10.01;CART MASTERCARD PAGSEGURO;CNF 653259902 / NFC-e 000019423
30;12/04/2022;10221;10164;572.04;10.01;CART MASTERCARD PAGSEGURO;CNF 653262995 / NFC-e 000019425
30;12/04/2022;10221;10164;299.14;10.01;CART MASTERCARD PAGSEGURO;CNF 653263023 / NFC-e 000027491
30;13/04/2022;10221;10164;1570.8;10.01;CART MASTERCARD PAGSEGURO;CNF 653481199 / NFC-e 000014715
30;13/04/2022;10221;10164;822.6;10.01;CART MASTERCARD PAGSEGURO;CNF 653481201 / NFC-e 000019434
30;13/04/2022;10221;10164;103.36;10.01;CART MASTERCARD PAGSEGURO;CNF 653642243 / NFC-e 000019437 / RC 653734983
30;13/04/2022;10221;10164;319.42;10.01;CART MASTERCARD PAGSEGURO;CNF 653642326 / NFC-e 000027496
30;13/04/2022;10221;10164;700.8;10.01;CART MASTERCARD PAGSEGURO;CNF 653642346 / NFC-e 000019443 / RC 653807742
30;13/04/2022;10221;10164;335.0;10.01;CART MASTERCARD PAGSEGURO;CNF 653700964 / RC 653807949 / NFC-e 000019441
30;13/04/2022;10221;10164;4477.0;10.01;CART MASTERCARD PAGSEGURO;CNF 653866898 / RC 660457868 / NFC-e 000019778
30;14/04/2022;10221;10164;1251.0;10.01;CART MASTERCARD PAGSEGURO;CNF 653989990 / RC 654825957 / NFC-e 000019492
30;16/04/2022;10221;10164;897.54;10.01;CART MASTERCARD PAGSEGURO;CNF 653990101 / NFC-e 000019499
30;16/04/2022;10221;10164;853.0;10.01;CART MASTERCARD PAGSEGURO;CNF 653990135 / RC 655138746 / NFC-e 000019500
30;16/04/2022;10221;10164;73.57;10.01;CART MASTERCARD PAGSEGURO;CNF 653990184 / NFC-e 000019504 / RC 655246299
30;14/04/2022;10221;10164;1364.28;10.01;CART MASTERCARD PAGSEGURO;CNF 654233412 / NFC-e 000027995
30;14/04/2022;10221;10164;119.0;10.01;CART MASTERCARD PAGSEGURO;CNF 654449842 / NFC-e 000028000 / RC 654690245
30;14/04/2022;10221;10164;486.37;10.01;CART MASTERCARD PAGSEGURO;CNF 654660056 / NFC-e 000019490 / RC 654864882 / RC 654864935
30;14/04/2022;10221;10164;584.1;10.01;CART MASTERCARD PAGSEGURO;CNF 654660107 / NFC-e 000019494
30;16/04/2022;10221;10164;974.0;10.01;CART MASTERCARD PAGSEGURO;CNF 654660153 / RC 655101349 / NFC-e 000019495
30;16/04/2022;10221;10164;3890.28;10.01;CART MASTERCARD PAGSEGURO;CNF 654660236 / NFC-e 000019554 / NFC-e 000028013
30;16/04/2022;10221;10164;655.0;10.01;CART MASTERCARD PAGSEGURO;CNF 654784579 / NFC-e 000019501 / RC 655206750
30;16/04/2022;10221;10164;170.0;10.01;CART MASTERCARD PAGSEGURO;CNF 654784654 / NFC-e 000019503 / RC 655259582
30;16/04/2022;10221;10164;119.0;10.01;CART MASTERCARD PAGSEGURO;CNF 655101014 / RC 655275984 / NFC-e 000019505
30;16/04/2022;10221;10164;570.15;10.01;CART MASTERCARD PAGSEGURO;CNF 655185660 / NFC-e 000027531
30;16/04/2022;10221;10164;6447.1;10.01;CART MASTERCARD PAGSEGURO;CNF 655185745 / NFC-e 000019518 / RC 655673276
30;18/04/2022;10221;10164;170.28;10.01;CART MASTERCARD PAGSEGURO;CNF 655232557 / RC 656358902 / NFC-e 000019536
30;19/04/2022;10221;10164;180.82;10.01;CART MASTERCARD PAGSEGURO;CNF 656316516 / RC 656638298 / NFC-e 000019559
30;19/04/2022;10221;10164;119.01;10.01;CART MASTERCARD PAGSEGURO;CNF 656316616 / RC 656717415 / NFC-e 000019562
30;19/04/2022;10221;10164;188.76;10.01;CART MASTERCARD PAGSEGURO;CNF 656359155 / RC 657001866 / NFC-e 000019570
30;19/04/2022;10221;10164;143.82;10.01;CART MASTERCARD PAGSEGURO;CNF 656615281 / NFC-e 000028056
30;19/04/2022;10221;10164;126.64;10.01;CART MASTERCARD PAGSEGURO;CNF 656754574 / NFC-e 000028057
30;19/04/2022;10221;10164;506.38;10.01;CART MASTERCARD PAGSEGURO;CNF 656754758 / NFC-e 000028069
30;19/04/2022;10221;10164;1209.1;10.01;CART MASTERCARD PAGSEGURO;CNF 656754800 / NFC-e 000027594
30;20/04/2022;10221;10164;376.74;10.01;CART MASTERCARD PAGSEGURO;CNF 656844958 / RC 657107036 / NFC-e 000028070
30;20/04/2022;10221;10164;246.2;10.01;CART MASTERCARD PAGSEGURO;CNF 657152562 / RC 657508422 / NFC-e 000019611
30;22/04/2022;10221;10164;969.24;10.01;CART MASTERCARD PAGSEGURO;CNF 657320144 / RC 657784934 / NFC-e 000027604
30;22/04/2022;10221;10164;254.4;10.01;CART MASTERCARD PAGSEGURO;CNF 657483308 / RC 657903847 / NFC-e 000019628
30;22/04/2022;10221;10164;74.36;10.01;CART MASTERCARD PAGSEGURO;CNF 657483452 / RC 657960786 / NFC-e 000019636
30;22/04/2022;10221;10164;585.0;10.01;CART MASTERCARD PAGSEGURO;CNF 657813599 / NFC-e 000019630
30;22/04/2022;10221;10164;747.65;10.01;CART MASTERCARD PAGSEGURO;CNF 657945585 / RC 658068796 / NFC-e 000019645
30;22/04/2022;10221;10164;596.12;10.01;CART MASTERCARD PAGSEGURO;CNF 657945761 / NFC-e 000027615 / RC 658324807
30;22/04/2022;10221;10164;335.0;10.01;CART MASTERCARD PAGSEGURO;CNF 658025874 / RC 658224395 / NFC-e 000019652
30;22/04/2022;10221;10164;388.48;10.01;CART MASTERCARD PAGSEGURO;CNF 658025995 / RC 658224472 / NFC-e 000019656
30;22/04/2022;10221;10164;439.8;10.01;CART MASTERCARD PAGSEGURO;CNF 658026046 / RC 659199837 / NFC-e 000019703
30;23/04/2022;10221;10164;337.54;10.01;CART MASTERCARD PAGSEGURO;CNF 658134655 / NFC-e 000019662 / RC 658348767
30;23/04/2022;10221;10164;132.52;10.01;CART MASTERCARD PAGSEGURO;CNF 658262853 / RC 658458114 / NFC-e 000019672
30;23/04/2022;10221;10164;170.0;10.01;CART MASTERCARD PAGSEGURO;CNF 658262997 / NFC-e 000028115 / RC 658540974
30;23/04/2022;10221;10164;268.65;10.01;CART MASTERCARD PAGSEGURO;CNF 658436308 / RC 658550082 / NFC-e 000019679
30;23/04/2022;10221;10164;335.0;10.01;CART MASTERCARD PAGSEGURO;CNF 658436447 / NFC-e 000019683 / RC 658591456
30;25/04/2022;10221;10164;170.0;10.01;CART MASTERCARD PAGSEGURO;CNF 658436553 / RC 658939918 / NFC-e 000019691
30;26/04/2022;10221;10164;172.62;10.01;CART MASTERCARD PAGSEGURO;CNF 658440674 / NFC-e 000019709 / RC 659366945
30;26/04/2022;10221;10164;139.6;10.01;CART MASTERCARD PAGSEGURO;CNF 658440760 / RC 659408615 / NFC-e 000019711
30;25/04/2022;10221;10164;230.36;10.01;CART MASTERCARD PAGSEGURO;CNF 659001682 / RC 659176592 / NFC-e 000019701
30;25/04/2022;10221;10164;559.6;10.01;CART MASTERCARD PAGSEGURO;CNF 659001775 / NFC-e 000019704
30;25/04/2022;10221;10164;211.0;10.01;CART MASTERCARD PAGSEGURO;CNF 659116594 / RC 659269274 / NFC-e 000019706
30;26/04/2022;10221;10164;2719.92;10.01;CART MASTERCARD PAGSEGURO;CNF 659409319 / NFC-e 000028145
30;26/04/2022;10221;10164;315.0;10.01;CART MASTERCARD PAGSEGURO;CNF 659409468 / NFC-e 000019719 / RC 659544656
30;26/04/2022;10221;10164;127.5;10.01;CART MASTERCARD PAGSEGURO;CNF 659409545 / RC 659584570 / NFC-e 000019721
30;26/04/2022;10221;10164;238.0;10.01;CART MASTERCARD PAGSEGURO;CNF 659495407 / RC 659621653 / NFC-e 000019724 / RC 659621681
30;26/04/2022;10221;10164;51.0;10.01;CART MASTERCARD PAGSEGURO;CNF 659495545 / RC 659650102 / RC 659650127 / NFC-e 000019726
30;26/04/2022;10221;10164;870.0;10.01;CART MASTERCARD PAGSEGURO;CNF 659547589 / NFC-e 000019728 / RC 659697401
30;26/04/2022;10221;10164;1548.3;10.01;CART MASTERCARD PAGSEGURO;CNF 659547753 / NFC-e 000019746 / RC 659967084
30;27/04/2022;10221;10164;849.01;10.01;CART MASTERCARD PAGSEGURO;CNF 659649840 / NFC-e 000028149
30;27/04/2022;10221;10164;146.92;10.01;CART MASTERCARD PAGSEGURO;CNF 659941166 / RC 660139812 / NFC-e 000019753
30;27/04/2022;10221;10164;186.0;10.01;CART MASTERCARD PAGSEGURO;CNF 660099066 / NFC-e 000019755 / RC 660171319 / RC 660171044
30;28/04/2022;10221;10164;2222.2;10.01;CART MASTERCARD PAGSEGURO;CNF 660099214 / NFC-e 000019765
30;28/04/2022;10221;10164;278.6;10.01;CART MASTERCARD PAGSEGURO;CNF 660099220 / RC 660341482 / NFC-e 000019766 / RC 660341633
30;28/04/2022;10221;10164;169.11;10.01;CART MASTERCARD PAGSEGURO;CNF 660152479 / NFe 000015871
30;28/04/2022;10221;10164;1088.28;10.01;CART MASTERCARD PAGSEGURO;CNF 660213889 / RC 660343504 / RC 660342937 / NFC-e 000019768
30;28/04/2022;10221;10164;97.96;10.01;CART MASTERCARD PAGSEGURO;CNF 660302241 / RC 660455517 / NFC-e 000019774
30;28/04/2022;10221;10164;358.3;10.01;CART MASTERCARD PAGSEGURO;CNF 660302281 / NFC-e 000019946
30;28/04/2022;10221;10164;571.0;10.01;CART MASTERCARD PAGSEGURO;CNF 660302354 / NFC-e 000019775
30;28/04/2022;10221;10164;1161.92;10.01;CART MASTERCARD PAGSEGURO;CNF 660302410 / RC 660505408 / RC 660505285 / NFC-e 000019780
30;30/04/2022;10221;10164;853.0;10.01;CART MASTERCARD PAGSEGURO;CNF 660358222 / RC 661122956 / NFC-e 000019818
30;30/04/2022;10221;10164;1151.0;10.01;CART MASTERCARD PAGSEGURO;CNF 660358299 / RC 661194604 / NFC-e 000019828
30;28/04/2022;10221;10164;1151.05;10.01;CART MASTERCARD PAGSEGURO;CNF 660436925 / NFC-e 000028171
30;29/04/2022;10221;10164;2673.6;10.01;CART MASTERCARD PAGSEGURO;CNF 660497881 / NFC-e 000027694 / RC 660684471
30;29/04/2022;10221;10164;143.58;10.01;CART MASTERCARD PAGSEGURO;CNF 660559214 / NFC-e 000019793 / RC 660685386
30;29/04/2022;10221;10164;1575.3;10.01;CART MASTERCARD PAGSEGURO;CNF 660559230 / NFC-e 000019794
30;29/04/2022;10221;10164;179.92;10.01;CART MASTERCARD PAGSEGURO;CNF 660559387 / NFC-e 000019798 / RC 660772162
30;30/04/2022;10221;10164;278.95;10.01;CART MASTERCARD PAGSEGURO;CNF 660987089 / NFC-e 000019819 / RC 661134583
30;30/04/2022;10221;10164;191.0;10.01;CART MASTERCARD PAGSEGURO;CNF 661048697 / NFC-e 000028191 / RC 661157308
30;30/04/2022;10221;10164;1734.9;10.01;CART MASTERCARD PAGSEGURO;CNF 661048733 / NFC-e 000019820 / RC 661157336
30;30/04/2022;10221;10164;591.04;10.01;CART MASTERCARD PAGSEGURO;CNF 661048853 / RC 661190423 / NFC-e 000019822
30;30/04/2022;10221;10164;119.0;10.01;CART MASTERCARD PAGSEGURO;CNF 661137202 / RC 661193792 / NFC-e 000019824
30;30/04/2022;10221;10164;89.0;10.01;CART MASTERCARD PAGSEGURO;CNF 661158598 / NFC-e 000019829 / RC 661235774
30;30/04/2022;10221;10164;1142.45;10.01;CART MASTERCARD PAGSEGURO;CNF 661175800 / RC 661237248 / NFC-e 000019831 / RC 661236917
30;30/04/2022;10221;10164;1919.0;10.01;CART MASTERCARD PAGSEGURO;CNF 661188990
30;30/04/2022;10221;10164;539.98;10.01;CART MASTERCARD PAGSEGURO;CNF 661189178 / RC 661424119 / NFC-e 000019842
30;30/04/2022;10221;10164;269.18;10.01;CART MASTERCARD PAGSEGURO;CNF 661288745 / RC 661439741 / RC 661434646 / NFC-e 000019844
30;01/04/2022;10221;10164;142.92;10.01;CART MASTERCARD PAGSEGURO;NFC-e 000019191
30;01/04/2022;10221;10164;1573.81;10.01;CART MASTERCARD PAGSEGURO;NFC-e 000019186
30;02/04/2022;10221;10164;114.9;10.01;CART MASTERCARD PAGSEGURO;NFC-e 000019199
30;02/04/2022;10221;10164;2563.4;10.01;CART MASTERCARD PAGSEGURO;NFC-e 000019216
30;04/04/2022;10221;10164;550.6;10.01;CART MASTERCARD PAGSEGURO;NFC-e 000019223
30;06/04/2022;10221;10164;849.01;10.01;CART MASTERCARD PAGSEGURO;NFC-e 000019286
30;04/04/2022;10221;10164;569.2;10.01;CART MASTERCARD PAGSEGURO;NFC-e 000019229
30;04/04/2022;10221;10164;251.48;10.01;CART MASTERCARD PAGSEGURO;NFC-e 000019241
30;05/04/2022;10221;10164;99.68;10.01;CART MASTERCARD PAGSEGURO;NFC-e 000019267
30;06/04/2022;10221;10164;232.94;10.01;CART MASTERCARD PAGSEGURO;NFC-e 000019290
30;06/04/2022;10221;10164;818.2;10.01;CART MASTERCARD PAGSEGURO;NFC-e 000019291
30;08/04/2022;10221;10164;1193.28;10.01;CART MASTERCARD PAGSEGURO;NFC-e 000019326
30;08/04/2022;10221;10164;299.01;10.01;CART MASTERCARD PAGSEGURO;NFC-e 000019333
30;09/04/2022;10221;10164;499.0;10.01;CART MASTERCARD PAGSEGURO;NFC-e 000019358
30;08/04/2022;10221;10164;591.65;10.01;CART MASTERCARD PAGSEGURO;NFC-e 000019335
30;08/04/2022;10221;10164;586.26;10.01;CART MASTERCARD PAGSEGURO;NFC-e 000019343
30;09/04/2022;10221;10164;157.6;10.01;CART MASTERCARD PAGSEGURO;NFC-e 000019356
30;11/04/2022;10221;10164;399.0;10.01;CART MASTERCARD PAGSEGURO;NFC-e 000019397
30;09/04/2022;10221;10164;349.44;10.01;CART MASTERCARD PAGSEGURO;NFC-e 000019366
30;09/04/2022;10221;10164;141.86;10.01;CART MASTERCARD PAGSEGURO;NFC-e 000019369
30;11/04/2022;10221;10164;465.42;10.01;CART MASTERCARD PAGSEGURO;NFC-e 000019377
30;11/04/2022;10221;10164;1166.1;10.01;CART MASTERCARD PAGSEGURO;NFC-e 000019394
30;11/04/2022;10221;10164;103.3;10.01;CART MASTERCARD PAGSEGURO;NFC-e 000019398
30;12/04/2022;10221;10164;1726.6;10.01;CART MASTERCARD PAGSEGURO;NFC-e 000019409
30;12/04/2022;10221;10164;594.9;10.01;CART MASTERCARD PAGSEGURO;NFC-e 000019410
30;12/04/2022;10221;10164;578.7;10.01;CART MASTERCARD PAGSEGURO;NFC-e 000019422
30;12/04/2022;10221;10164;207.96;10.01;CART MASTERCARD PAGSEGURO;NFC-e 000019426
30;13/04/2022;10221;10164;499.01;10.01;CART MASTERCARD PAGSEGURO;NFC-e 000019430
30;13/04/2022;10221;10164;142.41;10.01;CART MASTERCARD PAGSEGURO;NFC-e 000019453
30;13/04/2022;10221;10164;139.9;10.01;CART MASTERCARD PAGSEGURO;NFC-e 000019461
30;14/04/2022;10221;10164;107.16;10.01;CART MASTERCARD PAGSEGURO;NFC-e 000019487
30;16/04/2022;10221;10164;143.82;10.01;CART MASTERCARD PAGSEGURO;NFC-e 000019515
30;18/04/2022;10221;10164;109.0;10.01;CART MASTERCARD PAGSEGURO;NFC-e 000019531
30;16/04/2022;10221;10164;78.03;10.01;CART MASTERCARD PAGSEGURO;NFC-e 000019502
30;16/04/2022;10221;10164;141.86;10.01;CART MASTERCARD PAGSEGURO;NFC-e 000019506
30;18/04/2022;10221;10164;1130.0;10.01;CART MASTERCARD PAGSEGURO;NFC-e 000019522
30;18/04/2022;10221;10164;109.0;10.01;CART MASTERCARD PAGSEGURO;NFC-e 000019525
30;18/04/2022;10221;10164;141.86;10.01;CART MASTERCARD PAGSEGURO;NFC-e 000019541
30;18/04/2022;10221;10164;299.01;10.01;CART MASTERCARD PAGSEGURO;NFC-e 000019546
30;19/04/2022;10221;10164;1079.0;10.01;CART MASTERCARD PAGSEGURO;NFC-e 000019563
30;20/04/2022;10221;10164;128.4;10.01;CART MASTERCARD PAGSEGURO;NFC-e 000019583
30;20/04/2022;10221;10164;124.9;10.01;CART MASTERCARD PAGSEGURO;NFC-e 000019610
30;19/04/2022;10221;10164;299.01;10.01;CART MASTERCARD PAGSEGURO;NFC-e 000019565
30;19/04/2022;10221;10164;219.09;10.01;CART MASTERCARD PAGSEGURO;NFC-e 000019569
30;20/04/2022;10221;10164;1108.8;10.01;CART MASTERCARD PAGSEGURO;NFC-e 000019572
30;20/04/2022;10221;10164;145.0;10.01;CART MASTERCARD PAGSEGURO;NFC-e 000019587
30;20/04/2022;10221;10164;109.0;10.01;CART MASTERCARD PAGSEGURO;NFC-e 000019589
30;20/04/2022;10221;10164;897.03;10.01;CART MASTERCARD PAGSEGURO;NFC-e 000019590
30;20/04/2022;10221;10164;1181.88;10.01;CART MASTERCARD PAGSEGURO;NFC-e 000019595
30;22/04/2022;10221;10164;505.6;10.01;CART MASTERCARD PAGSEGURO;NFC-e 000019618
30;22/04/2022;10221;10164;34.9;10.01;CART MASTERCARD PAGSEGURO;NFC-e 000019658
30;23/04/2022;10221;10164;110.52;10.01;CART MASTERCARD PAGSEGURO;NFC-e 000019670
30;22/04/2022;10221;10164;400.0;10.01;CART MASTERCARD PAGSEGURO;NFC-e 000019638
30;22/04/2022;10221;10164;668.4;10.01;CART MASTERCARD PAGSEGURO;NFC-e 000019641
30;22/04/2022;10221;10164;499.01;10.01;CART MASTERCARD PAGSEGURO;NFC-e 000019653
30;23/04/2022;10221;10164;143.82;10.01;CART MASTERCARD PAGSEGURO;NFC-e 000019665
30;23/04/2022;10221;10164;145.0;10.01;CART MASTERCARD PAGSEGURO;NFC-e 000019677
30;26/04/2022;10221;10164;675.0;10.01;CART MASTERCARD PAGSEGURO;NFC-e 000019715
30;26/04/2022;10221;10164;110.52;10.01;CART MASTERCARD PAGSEGURO;NFC-e 000019716
30;26/04/2022;10221;10164;109.0;10.01;CART MASTERCARD PAGSEGURO;NFC-e 000019720
30;26/04/2022;10221;10164;116.58;10.01;CART MASTERCARD PAGSEGURO;NFC-e 000019722
30;26/04/2022;10221;10164;111.9;10.01;CART MASTERCARD PAGSEGURO;NFC-e 000019734
30;27/04/2022;10221;10164;123.27;10.01;CART MASTERCARD PAGSEGURO;NFC-e 000019736
30;29/04/2022;10221;10164;119.9;10.01;CART MASTERCARD PAGSEGURO;NFC-e 000019789
30;29/04/2022;10221;10164;279.01;10.01;CART MASTERCARD PAGSEGURO;NFC-e 000019810
30;27/04/2022;10221;10164;299.01;10.01;CART MASTERCARD PAGSEGURO;NFC-e 000019743
30;27/04/2022;10221;10164;99.5;10.01;CART MASTERCARD PAGSEGURO;NFC-e 000019745
30;27/04/2022;10221;10164;1075.3;10.01;CART MASTERCARD PAGSEGURO;NFC-e 000019747
30;28/04/2022;10221;10164;654.04;10.01;CART MASTERCARD PAGSEGURO;NFC-e 000019772
30;28/04/2022;10221;10164;504.95;10.01;CART MASTERCARD PAGSEGURO;NFC-e 000019773
30;29/04/2022;10221;10164;119.9;10.01;CART MASTERCARD PAGSEGURO;NFC-e 000019811
30;28/04/2022;10221;10164;592.88;10.01;CART MASTERCARD PAGSEGURO;NFC-e 000019788
30;29/04/2022;10221;10164;279.01;10.01;CART MASTERCARD PAGSEGURO;NFC-e 000019791
30;29/04/2022;10221;10164;119.9;10.01;CART MASTERCARD PAGSEGURO;NFC-e 000019801
30;29/04/2022;10221;10164;1454.9;10.01;CART MASTERCARD PAGSEGURO;NFC-e 000019804
30;30/04/2022;10221;10164;471.9;10.01;CART MASTERCARD PAGSEGURO;NFC-e 000019821
30;30/04/2022;10221;10164;114.9;10.01;CART MASTERCARD PAGSEGURO;NFC-e 000019833
30;30/04/2022;10221;10164;123.27;10.01;CART MASTERCARD PAGSEGURO;NFC-e 000019845
30;30/04/2022;10221;10164;121.58;10.01;CART MASTERCARD PAGSEGURO;NFC-e 000019846
30;02/04/2022;45764;10164;138.49;10.01;CART VISA CREDITO PAGSEGURO;CNF 643787716 / RC 644879858 / NFC-e 000019197
30;02/04/2022;45764;10164;974.0;10.01;CART VISA CREDITO PAGSEGURO;CNF 643787783 / NFC-e 000019205 / RC 645102413
30;02/04/2022;45764;10164;127.0;10.01;CART VISA CREDITO PAGSEGURO;CNF 643787847 / RC 645195252 / NFC-e 000027849
30;04/04/2022;45764;10164;564.0;10.01;CART VISA CREDITO PAGSEGURO;CNF 644745247 / NFC-e 000019222 / RC 646187728
30;02/04/2022;45764;10164;140.88;10.01;CART VISA CREDITO PAGSEGURO;CNF 644858468 / NFC-e 000019212 / RC 645301133
30;02/04/2022;45764;10164;2090.96;10.01;CART VISA CREDITO PAGSEGURO;CNF 645077056 / RC 645357186 / NFC-e 000019214
30;04/04/2022;45764;10164;1974.7;10.01;CART VISA CREDITO PAGSEGURO;CNF 646453287 / NFC-e 000027870
30;05/04/2022;45764;10164;290.22;10.01;CART VISA CREDITO PAGSEGURO;CNF 646777611 / RC 647431788 / NFC-e 000019258
30;05/04/2022;45764;10164;828.96;10.01;CART VISA CREDITO PAGSEGURO;CNF 647275711 / RC 652374390 / NFC-e 000019386
30;06/04/2022;45764;10164;863.0;10.01;CART VISA CREDITO PAGSEGURO;CNF 647796147 / RC 648076523 / RC 648076446 / NFC-e 000019274
30;06/04/2022;45764;10164;129.0;10.01;CART VISA CREDITO PAGSEGURO;CNF 648021215 / RC 648155193 / NFC-e 000019277
30;06/04/2022;45764;10164;530.49;10.01;CART VISA CREDITO PAGSEGURO;CNF 648173972 / NFC-e 000019288
30;06/04/2022;45764;10164;402.32;10.01;CART VISA CREDITO PAGSEGURO;CNF 648529842 / NFC-e 000019298 / RC 648687168 / RC 648680239
30;07/04/2022;45764;10164;1136.56;10.01;CART VISA CREDITO PAGSEGURO;CNF 648662836 / NFC-e 000019315 / RC 649354631
30;07/04/2022;45764;10164;1014.0;10.01;CART VISA CREDITO PAGSEGURO;CNF 648757191 / RC 649184430 / NFC-e 000019314
30;08/04/2022;45764;10164;2305.8;10.01;CART VISA CREDITO PAGSEGURO;CNF 649107200 / NFC-e 000027441
30;08/04/2022;45764;10164;707.2;10.01;CART VISA CREDITO PAGSEGURO;CNF 649619043 / RC 650335813 / NFC-e 000019332
30;08/04/2022;45764;10164;119.0;10.01;CART VISA CREDITO PAGSEGURO;CNF 649799361 / RC 650351088 / NFC-e 000019337
30;09/04/2022;45764;10164;171.18;10.01;CART VISA CREDITO PAGSEGURO;CNF 650071447 / RC 650570145 / NFC-e 000019348
30;09/04/2022;45764;10164;553.38;10.01;CART VISA CREDITO PAGSEGURO;CNF 650071531 / NFC-e 000027449
30;09/04/2022;45764;10164;1294.9;10.01;CART VISA CREDITO PAGSEGURO;CNF 650261587 / RC 650850067 / NFC-e 000027453
30;09/04/2022;45764;10164;493.5;10.01;CART VISA CREDITO PAGSEGURO;CNF 650587145 / NFC-e 000019363
30;13/04/2022;45764;10164;237.82;10.01;CART VISA CREDITO PAGSEGURO;CNF 651985259 / NFC-e 000019431 / RC 653613675
30;13/04/2022;45764;10164;399.6;10.01;CART VISA CREDITO PAGSEGURO;CNF 651985320 / RC 653882109 / NFC-e 000019448 / RC 653882163
30;11/04/2022;45764;10164;734.68;10.01;CART VISA CREDITO PAGSEGURO;CNF 652047820 / RC 652429111 / NFC-e 000019387
30;12/04/2022;45764;10164;1198.05;10.01;CART VISA CREDITO PAGSEGURO;CNF 652617167 / NFC-e 000019411
30;12/04/2022;45764;10164;199.96;10.01;CART VISA CREDITO PAGSEGURO;CNF 653263135 / NFC-e 000019429 / RC 653578191
30;13/04/2022;45764;10164;132.12;10.01;CART VISA CREDITO PAGSEGURO;CNF 653481103 / NFC-e 000019432 / RC 653696439
30;13/04/2022;45764;10164;289.92;10.01;CART VISA CREDITO PAGSEGURO;CNF 653642170 / NFC-e 000019435 / RC 653718589
30;13/04/2022;45764;10164;173.8;10.01;CART VISA CREDITO PAGSEGURO;CNF 653701033 / NFC-e 000019444 / RC 653846810
30;13/04/2022;45764;10164;314.16;10.01;CART VISA CREDITO PAGSEGURO;CNF 653765494 / RC 653884947 / NFC-e 000019447 / RC 653885014
30;14/04/2022;45764;10164;999.72;10.01;CART VISA CREDITO PAGSEGURO;CNF 654233412 / NFC-e 000027995
30;16/04/2022;45764;10164;570.15;10.01;CART VISA CREDITO PAGSEGURO;CNF 655101120 / NFC-e 000019514
30;16/04/2022;45764;10164;647.5;10.01;CART VISA CREDITO PAGSEGURO;CNF 655101151 / NFC-e 000014521
30;19/04/2022;45764;10164;799.56;10.01;CART VISA CREDITO PAGSEGURO;CNF 656615143 / NFe 000015814 / RC 656789778
30;20/04/2022;45764;10164;1014.0;10.01;CART VISA CREDITO PAGSEGURO;CNF 657010302 / RC 657179505 / NFC-e 000019585
30;22/04/2022;45764;10164;596.7;10.01;CART VISA CREDITO PAGSEGURO;CNF 657813614 / NFC-e 000019639 / RC 658005678
30;22/04/2022;45764;10164;253.0;10.01;CART VISA CREDITO PAGSEGURO;CNF 657813633 / RC 658006329 / NFC-e 000019640
30;22/04/2022;45764;10164;1123.8;10.01;CART VISA CREDITO PAGSEGURO;CNF 657898063 / NFC-e 000020789
30;23/04/2022;45764;10164;853.0;10.01;CART VISA CREDITO PAGSEGURO;CNF 657898234 / NFC-e 000028105 / RC 658346894
30;22/04/2022;45764;10164;685.88;10.01;CART VISA CREDITO PAGSEGURO;CNF 657920083 / NFC-e 000019635 / RC 657974398
30;22/04/2022;45764;10164;635.75;10.01;CART VISA CREDITO PAGSEGURO;CNF 657920262 / RC 658012347 / NFC-e 000019643
30;25/04/2022;45764;10164;749.0;10.01;CART VISA CREDITO PAGSEGURO;CNF 658234905 / NFC-e 000027641
30;25/04/2022;45764;10164;1349.0;10.01;CART VISA CREDITO PAGSEGURO;CNF 658235039 / NFC-e 000019958
30;23/04/2022;45764;10164;525.8;10.01;CART VISA CREDITO PAGSEGURO;CNF 658436364 / NFC-e 000019680
30;25/04/2022;45764;10164;1097.2;10.01;CART VISA CREDITO PAGSEGURO;CNF 659001610 / NFC-e 000020571
30;26/04/2022;45764;10164;758.56;10.01;CART VISA CREDITO PAGSEGURO;CNF 659053824 / NFC-e 000019712
30;26/04/2022;45764;10164;207.02;10.01;CART VISA CREDITO PAGSEGURO;CNF 659495483 / RC 659649507 / NFC-e 000019725
30;29/04/2022;45764;10164;849.0;10.01;CART VISA CREDITO PAGSEGURO;CNF 659824764 / NFC-e 000028182
30;28/04/2022;45764;10164;564.0;10.01;CART VISA CREDITO PAGSEGURO;CNF 660152374 / RC 660236090 / NFC-e 000019760
30;28/04/2022;45764;10164;150.28;10.01;CART VISA CREDITO PAGSEGURO;CNF 660497727 / RC 660575081 / NFC-e 000019787
30;29/04/2022;45764;10164;2268.6;10.01;CART VISA CREDITO PAGSEGURO;CNF 660665423 / NFC-e 000019812 / RC 661018787
30;29/04/2022;45764;10164;207.02;10.01;CART VISA CREDITO PAGSEGURO;CNF 660824893 / NFC-e 000019814 / RC 661039330
30;30/04/2022;45764;10164;269.88;10.01;CART VISA CREDITO PAGSEGURO;CNF 661137323 / NFC-e 000019826 / RC 661193915
30;30/04/2022;45764;10164;653.5;10.01;CART VISA CREDITO PAGSEGURO;CNF 661137325 / NFC-e 000019827 / RC 661234765
30;30/04/2022;45764;10164;473.54;10.01;CART VISA CREDITO PAGSEGURO;CNF 661137384 / NFC-e 000027711
30;30/04/2022;45764;10164;202.64;10.01;CART VISA CREDITO PAGSEGURO;CNF 661175941 / RC 661424052 / NFC-e 000019841
30;30/04/2022;45764;10164;1028.0;10.01;CART VISA CREDITO PAGSEGURO;CNF 661189042 / RC 661386122 / NFC-e 000019838
30;01/04/2022;45764;10164;102.6;10.01;CART VISA CREDITO PAGSEGURO;NFC-e 000019187
30;01/04/2022;45764;10164;229.8;10.01;CART VISA CREDITO PAGSEGURO;NFC-e 000019188
30;04/04/2022;45764;10164;102.6;10.01;CART VISA CREDITO PAGSEGURO;NFC-e 000019224
30;05/04/2022;45764;10164;123.45;10.01;CART VISA CREDITO PAGSEGURO;NFC-e 000019253
30;06/04/2022;45764;10164;103.3;10.01;CART VISA CREDITO PAGSEGURO;NFC-e 000019287
30;05/04/2022;45764;10164;960.0;10.01;CART VISA CREDITO PAGSEGURO;NFC-e 000019257
30;05/04/2022;45764;10164;406.24;10.01;CART VISA CREDITO PAGSEGURO;NFC-e 000019262
30;07/04/2022;45764;10164;737.1;10.01;CART VISA CREDITO PAGSEGURO;NFC-e 000019308
30;07/04/2022;45764;10164;101.87;10.01;CART VISA CREDITO PAGSEGURO;NFC-e 000019313
30;08/04/2022;45764;10164;206.6;10.01;CART VISA CREDITO PAGSEGURO;NFC-e 000019325
30;13/04/2022;45764;10164;266.61;10.01;CART VISA CREDITO PAGSEGURO;NFC-e 000019433
30;11/04/2022;45764;10164;1268.64;10.01;CART VISA CREDITO PAGSEGURO;NFC-e 000019383
30;13/04/2022;45764;10164;207.96;10.01;CART VISA CREDITO PAGSEGURO;NFC-e 000019438
30;13/04/2022;45764;10164;185.05;10.01;CART VISA CREDITO PAGSEGURO;NFC-e 000019440
30;14/04/2022;45764;10164;143.85;10.01;CART VISA CREDITO PAGSEGURO;NFC-e 000019486
30;18/04/2022;45764;10164;299.01;10.01;CART VISA CREDITO PAGSEGURO;NFC-e 000019529
30;16/04/2022;45764;10164;99.38;10.01;CART VISA CREDITO PAGSEGURO;NFC-e 000019512
30;18/04/2022;45764;10164;109.0;10.01;CART VISA CREDITO PAGSEGURO;NFC-e 000019528
30;18/04/2022;45764;10164;141.86;10.01;CART VISA CREDITO PAGSEGURO;NFC-e 000019535
30;19/04/2022;45764;10164;44.9;10.01;CART VISA CREDITO PAGSEGURO;NFC-e 000019560
30;25/04/2022;45764;10164;139.68;10.01;CART VISA CREDITO PAGSEGURO;NFC-e 000019697
30;28/04/2022;45764;10164;95.0;10.01;CART VISA CREDITO PAGSEGURO;NFC-e 000019769
30;30/04/2022;45764;10164;399.01;10.01;CART VISA CREDITO PAGSEGURO;NFC-e 000019836
30;28/04/2022;45764;10164;113.31;10.01;CART VISA CREDITO PAGSEGURO;NFC-e 000019784
30;29/04/2022;45764;10164;340.0;10.01;CART VISA CREDITO PAGSEGURO;NFC-e 000019805
30;30/04/2022;45764;10164;499.01;10.01;CART VISA CREDITO PAGSEGURO;NFC-e 000019837
30;04/04/2022;10221;10164;4355.85;10.01;CART MAESTRO PAGSEGURO;CNF 646178370 / NFC-e 000019246
30;04/04/2022;10221;10164;500.0;10.01;CART MAESTRO PAGSEGURO;CNF 646453287 / NFC-e 000027870
30;09/04/2022;10221;10164;170.0;10.01;CART MAESTRO PAGSEGURO;CNF 650587211 / RC 651203848 / NFC-e 000019364
30;19/04/2022;10221;10164;709.0;10.01;CART MAESTRO PAGSEGURO;CNF 656754634 / NFe 000015817
30;20/04/2022;10221;10164;1950.2;10.01;CART MAESTRO PAGSEGURO;CNF 657010093 / NFC-e 000016792
30;28/04/2022;10221;10164;110.9;10.01;CART MAESTRO PAGSEGURO;CNF 660152535 / RC 660318595 / NFC-e 000019763
30;28/04/2022;10221;10164;632.1;10.01;CART MAESTRO PAGSEGURO;CNF 660213807 / NFe 000015872
30;30/04/2022;10221;10164;442.01;10.01;CART MAESTRO PAGSEGURO;CNF 661288726 / NFC-e 000019843 / RC 661434632
30;01/04/2022;10221;10164;140.0;10.01;CART MAESTRO PAGSEGURO;NFC-e 000019167
30;02/04/2022;10221;10164;123.45;10.01;CART MAESTRO PAGSEGURO;NFC-e 000019218
30;04/04/2022;10221;10164;146.54;10.01;CART MAESTRO PAGSEGURO;NFC-e 000019234
30;02/04/2022;10221;10164;99.79;10.01;CART MAESTRO PAGSEGURO;NFC-e 000019208
30;02/04/2022;10221;10164;1695.0;10.01;CART MAESTRO PAGSEGURO;NFC-e 000019210
30;04/04/2022;10221;10164;155.42;10.01;CART MAESTRO PAGSEGURO;NFC-e 000019235
30;04/04/2022;10221;10164;456.48;10.01;CART MAESTRO PAGSEGURO;NFC-e 000019237
30;05/04/2022;10221;10164;197.0;10.01;CART MAESTRO PAGSEGURO;NFC-e 000019254
30;11/04/2022;10221;10164;100.0;10.01;CART MAESTRO PAGSEGURO;NFC-e 000019397
30;19/04/2022;10221;10164;102.7;10.01;CART MAESTRO PAGSEGURO;NFC-e 000019564
30;25/04/2022;10221;10164;700.0;10.01;CART MAESTRO PAGSEGURO;NFC-e 000019692
30;29/04/2022;10221;10164;1000.0;10.01;CART MAESTRO PAGSEGURO;NFC-e 000019804
30;29/04/2022;10221;10164;113.31;10.01;CART MAESTRO PAGSEGURO;NFC-e 000019813
30;01/04/2022;45764;10164;96.49;10.01;CART ELO DEBITO  PAGSEGURO;CNF 644079471 / RC 644371856 / NFC-e 000019185
30;05/04/2022;45764;10164;4181.83;10.01;CART ELO DEBITO  PAGSEGURO;CNF 646453423 / NFC-e 000027421
30;12/04/2022;45764;10164;1950.2;10.01;CART ELO DEBITO  PAGSEGURO;CNF 652616982 / NFC-e 000027944
30;16/04/2022;45764;10164;124.9;10.01;CART ELO DEBITO  PAGSEGURO;CNF 655101099 / NFC-e 000028018
30;16/04/2022;45764;10164;467.0;10.01;CART ELO DEBITO  PAGSEGURO;CNF 655101201 / NFC-e 000019510
30;20/04/2022;45764;10164;170.01;10.01;CART ELO DEBITO  PAGSEGURO;CNF 656844965 / RC 657106251 / NFC-e 000019573
30;25/04/2022;45764;10164;239.78;10.01;CART ELO DEBITO  PAGSEGURO;CNF 658440611 / NFe 000015853
30;26/04/2022;45764;10164;579.01;10.01;CART ELO DEBITO  PAGSEGURO;CNF 659053851 / NFC-e 000027648
30;27/04/2022;45764;10164;1270.0;10.01;CART ELO DEBITO  PAGSEGURO;CNF 659903207 / NFC-e 000028160
30;01/04/2022;45764;10164;134.99;10.01;CART ELO DEBITO  PAGSEGURO;NFC-e 000019176
30;04/04/2022;45764;10164;123.45;10.01;CART ELO DEBITO  PAGSEGURO;NFC-e 000019243
30;07/04/2022;45764;10164;139.43;10.01;CART ELO DEBITO  PAGSEGURO;NFC-e 000019306
30;08/04/2022;45764;10164;755.0;10.01;CART ELO DEBITO  PAGSEGURO;NFC-e 000019340
30;11/04/2022;45764;10164;101.87;10.01;CART ELO DEBITO  PAGSEGURO;NFC-e 000019382
30;13/04/2022;45764;10164;849.01;10.01;CART ELO DEBITO  PAGSEGURO;NFC-e 000019450
30;13/04/2022;45764;10164;355.0;10.01;CART ELO DEBITO  PAGSEGURO;NFC-e 000019451
30;14/04/2022;45764;10164;101.87;10.01;CART ELO DEBITO  PAGSEGURO;NFC-e 000019476
30;16/04/2022;45764;10164;139.9;10.01;CART ELO DEBITO  PAGSEGURO;NFC-e 000019511
30;19/04/2022;45764;10164;99.0;10.01;CART ELO DEBITO  PAGSEGURO;NFC-e 000019556
30;20/04/2022;45764;10164;139.9;10.01;CART ELO DEBITO  PAGSEGURO;NFC-e 000019579
30;22/04/2022;45764;10164;24.24;10.01;CART ELO DEBITO  PAGSEGURO;NFC-e 000019638
30;22/04/2022;45764;10164;122.4;10.01;CART ELO DEBITO  PAGSEGURO;NFC-e 000019647
30;23/04/2022;45764;10164;139.9;10.01;CART ELO DEBITO  PAGSEGURO;NFC-e 000019685
30;26/04/2022;45764;10164;299.0;10.01;CART ELO DEBITO  PAGSEGURO;NFC-e 000019710
30;25/04/2022;45764;10164;769.3;10.01;CART ELO DEBITO  PAGSEGURO;NFC-e 000019694
30;27/04/2022;45764;10164;158.0;10.01;CART ELO DEBITO  PAGSEGURO;NFC-e 000019750
30;27/04/2022;45764;10164;219.8;10.01;CART ELO DEBITO  PAGSEGURO;NFC-e 000019754
30;29/04/2022;45764;10164;300.0;10.01;CART ELO DEBITO  PAGSEGURO;NFC-e 000019815
30;29/04/2022;45764;10164;645.0;10.01;CART ELO DEBITO  PAGSEGURO;NFC-e 000019817
30;30/04/2022;45764;10164;100.0;10.01;CART ELO DEBITO  PAGSEGURO;NFC-e 000019837
30;01/04/2022;45764;10164;557.17;10.01;CART VISA ELETRON PAGSEGURO;CNF 644079528 / NFC-e 000019189
30;06/04/2022;45764;10164;464.2;10.01;CART VISA ELETRON PAGSEGURO;CNF 647796142 / NFC-e 000019276
30;06/04/2022;45764;10164;123.87;10.01;CART VISA ELETRON PAGSEGURO;CNF 648116829 / RC 648346489 / NFC-e 000019284
30;08/04/2022;45764;10164;600.0;10.01;CART VISA ELETRON PAGSEGURO;CNF 649107091 / NFC-e 000019320 / RC 649611659
30;09/04/2022;45764;10164;190.0;10.01;CART VISA ELETRON PAGSEGURO;CNF 650587145 / NFC-e 000019363
30;11/04/2022;45764;10164;4184.14;10.01;CART VISA ELETRON PAGSEGURO;CNF 651187177 / RC 657106927 / NFC-e 000019574
30;13/04/2022;45764;10164;119.01;10.01;CART VISA ELETRON PAGSEGURO;CNF 653642353 / NFC-e 000019439 / RC 653807893
30;14/04/2022;45764;10164;2896.21;10.01;CART VISA ELETRON PAGSEGURO;CNF 653976419 / RC 654427730 / NFC-e 000019466
30;14/04/2022;45764;10164;2773.4;10.01;CART VISA ELETRON PAGSEGURO;CNF 654449995 / NFC-e 000027520
30;18/04/2022;45764;10164;44.0;10.01;CART VISA ELETRON PAGSEGURO;CNF 656016671 / RC 656449954 / RC 656449968 / NFC-e 000019545
30;19/04/2022;45764;10164;139.9;10.01;CART VISA ELETRON PAGSEGURO;CNF 656754720 / NFC-e 000027574
30;22/04/2022;45764;10164;100.04;10.01;CART VISA ELETRON PAGSEGURO;CNF 657152793 / RC 657872330 / NFC-e 000019625
30;21/04/2022;45764;10164;2636.2;10.01;CART VISA ELETRON PAGSEGURO;CNF 657229236 / NFC-e 000019615
30;23/04/2022;45764;10164;577.22;10.01;CART VISA ELETRON PAGSEGURO;CNF 658262824 / NFC-e 000027628
30;23/04/2022;45764;10164;709.7;10.01;CART VISA ELETRON PAGSEGURO;CNF 658262912 / RC 658458153 / NFC-e 000019673
30;26/04/2022;45764;10164;1000.0;10.01;CART VISA ELETRON PAGSEGURO;CNF 659409319 / NFC-e 000028145
30;28/04/2022;45764;10164;499.0;10.01;CART VISA ELETRON PAGSEGURO;CNF 659824680 / NFC-e 000027701
30;29/04/2022;45764;10164;475.3;10.01;CART VISA ELETRON PAGSEGURO;CNF 659824785 / NFC-e 000028184
30;30/04/2022;45764;10164;115.13;10.01;CART VISA ELETRON PAGSEGURO;CNF 661288825 / RC 661496592 / NFC-e 000019847
30;02/04/2022;45764;10164;1700.0;10.01;CART VISA ELETRON PAGSEGURO;NFC-e 000019200
30;05/04/2022;45764;10164;142.41;10.01;CART VISA ELETRON PAGSEGURO;NFC-e 000019259
30;06/04/2022;45764;10164;109.9;10.01;CART VISA ELETRON PAGSEGURO;NFC-e 000019293
30;08/04/2022;45764;10164;124.9;10.01;CART VISA ELETRON PAGSEGURO;NFC-e 000019330
30;11/04/2022;45764;10164;158.0;10.01;CART VISA ELETRON PAGSEGURO;NFC-e 000019379
30;12/04/2022;45764;10164;479.22;10.01;CART VISA ELETRON PAGSEGURO;NFC-e 000019408
30;14/04/2022;45764;10164;1645.0;10.01;CART VISA ELETRON PAGSEGURO;NFC-e 000019475
30;13/04/2022;45764;10164;199.58;10.01;CART VISA ELETRON PAGSEGURO;NFC-e 000019460
30;13/04/2022;45764;10164;328.3;10.01;CART VISA ELETRON PAGSEGURO;NFC-e 000019462
30;14/04/2022;45764;10164;139.9;10.01;CART VISA ELETRON PAGSEGURO;NFC-e 000019484
30;18/04/2022;45764;10164;139.9;10.01;CART VISA ELETRON PAGSEGURO;NFC-e 000019547
30;20/04/2022;45764;10164;109.0;10.01;CART VISA ELETRON PAGSEGURO;NFC-e 000019582
30;21/04/2022;45764;10164;92.36;10.01;CART VISA ELETRON PAGSEGURO;NFC-e 000019612
30;21/04/2022;45764;10164;2636.2;10.01;CART VISA ELETRON PAGSEGURO;NFC-e 000019614
30;22/04/2022;45764;10164;704.69;10.01;CART VISA ELETRON PAGSEGURO;NFC-e 000019620
30;22/04/2022;45764;10164;100.0;10.01;CART VISA ELETRON PAGSEGURO;NFC-e 000019626
30;22/04/2022;45764;10164;124.9;10.01;CART VISA ELETRON PAGSEGURO;NFC-e 000019648
30;22/04/2022;45764;10164;316.0;10.01;CART VISA ELETRON PAGSEGURO;NFC-e 000019651
30;23/04/2022;45764;10164;139.9;10.01;CART VISA ELETRON PAGSEGURO;NFC-e 000019671
30;27/04/2022;45764;10164;99.5;10.01;CART VISA ELETRON PAGSEGURO;NFC-e 000019741
30;30/04/2022;45764;10164;113.31;10.01;CART VISA ELETRON PAGSEGURO;NFC-e 000019830
30;30/04/2022;45764;10164;109.9;10.01;CART VISA ELETRON PAGSEGURO;NFC-e 000019834
30;06/04/2022;10265;10164;1519.92;10.01;CR텏ITO BANCRIO - JOAO MARIA DA ROCHA;CNF 648529819 / NFC-e 000019296
30;18/04/2022;10265;10164;361.83;10.01;CR텏ITO BANCRIO - MICILENE SILVA REIS DE MELO;CNF 655429383 / NFC-e 000019527 / RC 656182488
30;25/04/2022;10265;10164;959.46;10.01;CR텏ITO BANCRIO - JEFFERSON MOREIRA DA SILVA;CNF 658235002 / NFC-e 000019956 / NFC-e 000019961 / RC 663989858 / RC 663916295
30;01/04/2022;10265;10164;100.0;10.01;CR텏ITO BANCRIO - JANIELSON SOARES DE LIMA;NFC-e 000019181
30;12/04/2022;10265;10164;100.0;10.01;CR텏ITO BANCRIO - DANILO ADELINO DA SILVA;NFC-e 000019428
30;14/04/2022;10265;10164;562.0;10.01;CR텏ITO BANCRIO - RONALDO MELO DA SILVA;NFC-e 000019479
30;14/04/2022;10265;10164;139.56;10.01;CR텏ITO BANCRIO - ANA SIMONE DE ANDRADE ;NFC-e 000019478
30;18/04/2022;10265;10164;139.9;10.01;CR텏ITO BANCRIO - ELZIMEIRE MERES ABRANTES;NFC-e 000019534
30;20/04/2022;10265;10164;2371.65;10.01;CR텏ITO BANCRIO - SEVERINO  JOSE DE SANTANA;NFC-e 000019600
30;26/04/2022;10265;10164;1309.8;10.01;CR텏ITO BANCRIO - IZABEL MARTINS ALBUQUERQUE;NFC-e 000019731
30;28/04/2022;10265;10164;966.12;10.01;CR텏ITO BANCRIO - SEVERINO  JOSE DE SANTANA;NFC-e 000019758
30;28/04/2022;10265;10164;136.22;10.01;CR텏ITO BANCRIO - MANOEL MESSIAS DE LACERDA;NFC-e 000019782
30;28/04/2022;10265;10164;616.0;10.01;CR텏ITO BANCRIO - HITAMAR LACERDA DE SOUSA;NFC-e 000019786
30;01/04/2022;344640;10164;170.01;10.01;CART CREDITO GARANTIA;CNF 642957252 / NFC-e 000019192 / RC 644581119
30;11/04/2022;344640;10164;1974.0;10.01;CART CREDITO GARANTIA;NFC-e 000019391
30;05/04/2022;91392315;10164;117.03;10.01;CART CREDITO DEVOLU츒;CNF 647516305 / NFC-e 000019269 / RC 647889804
30;07/04/2022;91392315;10164;2525.6;10.01;CART CREDITO DEVOLU츒;CNF 648757358 / NFC-e 000019318 / RC 649504630
30;19/04/2022;91392315;10164;285.18;10.01;CART CREDITO DEVOLU츒;CNF 656359011 / RC 656621737 / NFC-e 000019557
30;22/04/2022;91392315;10164;117.03;10.01;CART CREDITO DEVOLU츒;CNF 658025970 / RC 658276098 / NFC-e 000019660
30;23/04/2022;91392315;10164;709.7;10.01;CART CREDITO DEVOLU츒;CNF 658436422 / NFC-e 000019682 / RC 658550163
30;26/04/2022;91392315;10164;238.02;10.01;CART CREDITO DEVOLU츒;CNF 659495545 / RC 659650102 / RC 659650127 / NFC-e 000019726
30;27/04/2022;91392315;10164;289.02;10.01;CART CREDITO DEVOLU츒;CNF 660099066 / NFC-e 000019755 / RC 660171319 / RC 660171044
30;02/04/2022;91392315;10164;587.03;10.01;CART CREDITO DEVOLU츒;NFC-e 000019198
30;14/04/2022;91392315;10164;137.1;10.01;CART CREDITO DEVOLU츒;NFC-e 000019493
30;19/04/2022;91392315;10164;137.1;10.01;CART CREDITO DEVOLU츒;NFC-e 000019550
30;20/04/2022;91392315;10164;103.57;10.01;CART CREDITO DEVOLU츒;NFC-e 000019598
30;19/04/2022;91392315;10164;440.02;10.01;CART CREDITO DEVOLU츒;NFC-e 000019567
30;21/04/2022;91392315;10164;137.1;10.01;CART CREDITO DEVOLU츒;NFC-e 000019616
30;22/04/2022;91392315;10164;341.87;10.01;CART CREDITO DEVOLU츒;NFC-e 000019658
30;22/04/2022;91392315;10164;106.82;10.01;CART CREDITO DEVOLU츒;NFC-e 000019644
30;01/04/2022;45534;10164;587.03;10.01;CARTEIRA COBRAN큐 SIMPLES;CNF 642957062 / NFC-e 000027831
30;01/04/2022;45534;10164;170.01;10.01;CARTEIRA COBRAN큐 SIMPLES;CNF 642957087 / RC 644004622 / NFC-e 000019170
30;01/04/2022;45534;10164;2876.25;10.01;CARTEIRA COBRAN큐 SIMPLES;CNF 643397643 / NFC-e 000019178
30;01/04/2022;45534;10164;100.0;10.01;CARTEIRA COBRAN큐 SIMPLES;CNF 643397675 / NFC-e 000019160 / RC 643834731
30;01/04/2022;45534;10164;1227.96;10.01;CARTEIRA COBRAN큐 SIMPLES;CNF 643634810 / RC 643967892 / RC 643967906 / NFC-e 000019169 / RC 643967920
30;01/04/2022;45534;10164;127.07;10.01;CARTEIRA COBRAN큐 SIMPLES;CNF 643634924 / NFC-e 000027382
30;01/04/2022;45534;10164;0.01;10.01;CARTEIRA COBRAN큐 SIMPLES;CNF 643635015 / RC 644076261 / NFC-e 000019174
30;02/04/2022;45534;10164;0.01;10.01;CARTEIRA COBRAN큐 SIMPLES;CNF 643787783 / NFC-e 000019205 / RC 645102413
30;02/04/2022;45534;10164;546.03;10.01;CARTEIRA COBRAN큐 SIMPLES;CNF 644208452 / NFC-e 000019194
30;02/04/2022;45534;10164;1640.0;10.01;CARTEIRA COBRAN큐 SIMPLES;CNF 645077215 / NFC-e 000019220
30;04/04/2022;45534;10164;1935.15;10.01;CARTEIRA COBRAN큐 SIMPLES;CNF 645252250 / NFC-e 000014432
30;04/04/2022;45534;10164;352.96;10.01;CARTEIRA COBRAN큐 SIMPLES;CNF 645252287 / NFC-e 000019226 / RC 646337757 / RC 646337743
30;04/04/2022;45534;10164;2076.75;10.01;CARTEIRA COBRAN큐 SIMPLES;CNF 646178352 / NFC-e 000019233
30;04/04/2022;45534;10164;117.03;10.01;CARTEIRA COBRAN큐 SIMPLES;CNF 646453266 / NFC-e 000019244 / RC 646848717
30;05/04/2022;45534;10164;119.01;10.01;CARTEIRA COBRAN큐 SIMPLES;CNF 646453399 / RC 647270972 / NFC-e 000019252
30;05/04/2022;45534;10164;0.02;10.01;CARTEIRA COBRAN큐 SIMPLES;CNF 646777522 / NFC-e 000019256 / RC 647431134 / RC 647431711
30;07/04/2022;45534;10164;1837.06;10.01;CARTEIRA COBRAN큐 SIMPLES;CNF 647149071 / NFC-e 000019301 / RC 648760420
30;07/04/2022;45534;10164;196.4;10.01;CARTEIRA COBRAN큐 SIMPLES;CNF 647149111 / NFC-e 000019304 / RC 648863424
30;07/04/2022;45534;10164;94.11;10.01;CARTEIRA COBRAN큐 SIMPLES;CNF 647149131 / RC 648879448 / NFC-e 000019307
30;07/04/2022;45534;10164;233.45;10.01;CARTEIRA COBRAN큐 SIMPLES;CNF 647149207 / RC 649162476 / NFC-e 000027436 / NFC-e 000019311
30;08/04/2022;45534;10164;947.04;10.01;CARTEIRA COBRAN큐 SIMPLES;CNF 647149259 / NFC-e 000027913 / RC 649690895
30;05/04/2022;45534;10164;2015.66;10.01;CARTEIRA COBRAN큐 SIMPLES;CNF 647275792 / NFC-e 000027875
30;05/04/2022;45534;10164;167.03;10.01;CARTEIRA COBRAN큐 SIMPLES;CNF 647431459 / RC 647589708 / NFC-e 000027426
30;05/04/2022;45534;10164;686.31;10.01;CARTEIRA COBRAN큐 SIMPLES;CNF 647431596 / NFC-e 000019266 / RC 647818356
30;05/04/2022;45534;10164;50.0;10.01;CARTEIRA COBRAN큐 SIMPLES;CNF 647516305 / NFC-e 000019269 / RC 647889804
30;06/04/2022;45534;10164;800.0;10.01;CARTEIRA COBRAN큐 SIMPLES;CNF 647796142 / NFC-e 000019276
30;06/04/2022;45534;10164;0.02;10.01;CARTEIRA COBRAN큐 SIMPLES;CNF 647796147 / RC 648076523 / RC 648076446 / NFC-e 000019274
30;06/04/2022;45534;10164;0.01;10.01;CARTEIRA COBRAN큐 SIMPLES;CNF 648021215 / RC 648155193 / NFC-e 000019277
30;06/04/2022;45534;10164;299.64;10.01;CARTEIRA COBRAN큐 SIMPLES;CNF 648116767 / RC 648244930 / NFC-e 000019282 / RC 648244916
30;06/04/2022;45534;10164;23.9;10.01;CARTEIRA COBRAN큐 SIMPLES;CNF 648173972 / NFC-e 000019288
30;06/04/2022;45534;10164;109.66;10.01;CARTEIRA COBRAN큐 SIMPLES;CNF 648174009 / NFC-e 000027891
30;06/04/2022;45534;10164;700.0;10.01;CARTEIRA COBRAN큐 SIMPLES;CNF 648640032 / NFC-e 000019374
30;06/04/2022;45534;10164;121.83;10.01;CARTEIRA COBRAN큐 SIMPLES;CNF 648640035 / RC 648678941 / NFC-e 000019297
30;07/04/2022;45534;10164;1370.0;10.01;CARTEIRA COBRAN큐 SIMPLES;CNF 648662725 / NFC-e 000014599
30;07/04/2022;45534;10164;0.01;10.01;CARTEIRA COBRAN큐 SIMPLES;CNF 648757191 / RC 649184430 / NFC-e 000019314
30;07/04/2022;45534;10164;3200.0;10.01;CARTEIRA COBRAN큐 SIMPLES;CNF 648757238 / NFC-e 000027911
30;07/04/2022;45534;10164;449.0;10.01;CARTEIRA COBRAN큐 SIMPLES;CNF 648757265 / NFC-e 000019328
30;07/04/2022;45534;10164;69.01;10.01;CARTEIRA COBRAN큐 SIMPLES;CNF 648757360 / NFC-e 000019317 / RC 649504616
30;08/04/2022;45534;10164;0.01;10.01;CARTEIRA COBRAN큐 SIMPLES;CNF 648758735 / RC 649816095 / NFC-e 000019327
30;08/04/2022;45534;10164;545.74;10.01;CARTEIRA COBRAN큐 SIMPLES;CNF 649107109 / NFC-e 000027912
30;08/04/2022;45534;10164;139.9;10.01;CARTEIRA COBRAN큐 SIMPLES;CNF 649619005 / NFe 000015778
30;09/04/2022;45534;10164;907.03;10.01;CARTEIRA COBRAN큐 SIMPLES;CNF 649746935 / RC 650549601 / NFC-e 000019350
30;09/04/2022;45534;10164;0.02;10.01;CARTEIRA COBRAN큐 SIMPLES;CNF 649747058 / RC 650956387 / RC 650956464 / NFC-e 000019361
30;09/04/2022;45534;10164;0.01;10.01;CARTEIRA COBRAN큐 SIMPLES;CNF 649747129 / RC 651169297 / NFC-e 000019362
30;08/04/2022;45534;10164;0.01;10.01;CARTEIRA COBRAN큐 SIMPLES;CNF 649799361 / RC 650351088 / NFC-e 000019337
30;08/04/2022;45534;10164;211.36;10.01;CARTEIRA COBRAN큐 SIMPLES;CNF 649853574 / NFe 000015779
30;08/04/2022;45534;10164;1800.0;10.01;CARTEIRA COBRAN큐 SIMPLES;CNF 650036940 / RC 650364619 / NFC-e 000019339
30;09/04/2022;45534;10164;137.0;10.01;CARTEIRA COBRAN큐 SIMPLES;CNF 650261587 / RC 650850067 / NFC-e 000027453
30;11/04/2022;45534;10164;455.0;10.01;CARTEIRA COBRAN큐 SIMPLES;CNF 651091880 / NFC-e 000019372
30;11/04/2022;45534;10164;117.03;10.01;CARTEIRA COBRAN큐 SIMPLES;CNF 651187097 / RC 652116709 / NFC-e 000019376
30;11/04/2022;45534;10164;70.0;10.01;CARTEIRA COBRAN큐 SIMPLES;CNF 651985177 / NFC-e 000019405 / RC 652868154
30;13/04/2022;45534;10164;64.06;10.01;CARTEIRA COBRAN큐 SIMPLES;CNF 651985320 / RC 653882109 / NFC-e 000019448 / RC 653882163
30;11/04/2022;45534;10164;193.79;10.01;CARTEIRA COBRAN큐 SIMPLES;CNF 652204577 / RC 652493535 / NFC-e 000019393
30;11/04/2022;45534;10164;0.01;10.01;CARTEIRA COBRAN큐 SIMPLES;CNF 652456443 / RC 652755027 / NFC-e 000019403
30;12/04/2022;45534;10164;0.01;10.01;CARTEIRA COBRAN큐 SIMPLES;CNF 652456596 / NFC-e 000019406 / RC 653019676
30;12/04/2022;45534;10164;119.01;10.01;CARTEIRA COBRAN큐 SIMPLES;CNF 652617183 / RC 653240237 / NFC-e 000019412
30;12/04/2022;45534;10164;2070.0;10.01;CARTEIRA COBRAN큐 SIMPLES;CNF 653262980 / NFC-e 000014486
30;12/04/2022;45534;10164;20.0;10.01;CARTEIRA COBRAN큐 SIMPLES;CNF 653263023 / NFC-e 000027491
30;13/04/2022;45534;10164;100.0;10.01;CARTEIRA COBRAN큐 SIMPLES;CNF 653481201 / NFC-e 000019434
30;13/04/2022;45534;10164;0.01;10.01;CARTEIRA COBRAN큐 SIMPLES;CNF 653700964 / RC 653807949 / NFC-e 000019441
30;13/04/2022;45534;10164;523.7;10.01;CARTEIRA COBRAN큐 SIMPLES;CNF 653765627 / NFC-e 000027498
30;13/04/2022;45534;10164;1.4;10.01;CARTEIRA COBRAN큐 SIMPLES;CNF 653866898 / RC 660457868 / NFC-e 000019778
30;13/04/2022;45534;10164;529.1;10.01;CARTEIRA COBRAN큐 SIMPLES;CNF 653913230 / NFC-e 000027974
30;13/04/2022;45534;10164;77.46;10.01;CARTEIRA COBRAN큐 SIMPLES;CNF 653913245 / NFC-e 000027975
30;13/04/2022;45534;10164;1435.0;10.01;CARTEIRA COBRAN큐 SIMPLES;CNF 653913396 / NFC-e 000013062
30;14/04/2022;45534;10164;117.02;10.01;CARTEIRA COBRAN큐 SIMPLES;CNF 653976355 / RC 654402267 / NFC-e 000019464
30;14/04/2022;45534;10164;103.57;10.01;CARTEIRA COBRAN큐 SIMPLES;CNF 653976395 / NFe 000015799
30;14/04/2022;45534;10164;0.01;10.01;CARTEIRA COBRAN큐 SIMPLES;CNF 653989990 / RC 654825957 / NFC-e 000019492
30;16/04/2022;45534;10164;0.01;10.01;CARTEIRA COBRAN큐 SIMPLES;CNF 653990135 / RC 655138746 / NFC-e 000019500
30;14/04/2022;45534;10164;2381.76;10.01;CARTEIRA COBRAN큐 SIMPLES;CNF 654233295 / NFC-e 000027989
30;14/04/2022;45534;10164;549.82;10.01;CARTEIRA COBRAN큐 SIMPLES;CNF 654233311 / RC 654492226 / NFC-e 000019472
30;14/04/2022;45534;10164;643.03;10.01;CARTEIRA COBRAN큐 SIMPLES;CNF 654233374 / NFC-e 000019477 / RC 654567624
30;14/04/2022;45534;10164;2548.97;10.01;CARTEIRA COBRAN큐 SIMPLES;CNF 654449768 / NFC-e 000028009 / RC 654940186 / RC 654940172
30;14/04/2022;45534;10164;564.52;10.01;CARTEIRA COBRAN큐 SIMPLES;CNF 654449795 / NFC-e 000019481
30;14/04/2022;45534;10164;0.01;10.01;CARTEIRA COBRAN큐 SIMPLES;CNF 654449842 / NFC-e 000028000 / RC 654690245
30;16/04/2022;45534;10164;0.01;10.01;CARTEIRA COBRAN큐 SIMPLES;CNF 654660153 / RC 655101349 / NFC-e 000019495
30;16/04/2022;45534;10164;168.0;10.01;CARTEIRA COBRAN큐 SIMPLES;CNF 654708089 / NFC-e 000019517 / RC 655583694
30;18/04/2022;45534;10164;907.03;10.01;CARTEIRA COBRAN큐 SIMPLES;CNF 654708119 / RC 656079479 / NFC-e 000019523
30;16/04/2022;45534;10164;3850.9;10.01;CARTEIRA COBRAN큐 SIMPLES;CNF 654784512 / NFC-e 000027522
30;16/04/2022;45534;10164;289.93;10.01;CARTEIRA COBRAN큐 SIMPLES;CNF 654784537 / NFC-e 000027523 / RC 655259568
30;16/04/2022;45534;10164;0.01;10.01;CARTEIRA COBRAN큐 SIMPLES;CNF 654784579 / NFC-e 000019501 / RC 655206750
30;16/04/2022;45534;10164;0.01;10.01;CARTEIRA COBRAN큐 SIMPLES;CNF 655101014 / RC 655275984 / NFC-e 000019505
30;16/04/2022;45534;10164;168.0;10.01;CARTEIRA COBRAN큐 SIMPLES;CNF 655185745 / NFC-e 000019518 / RC 655673276
30;16/04/2022;45534;10164;619.12;10.01;CARTEIRA COBRAN큐 SIMPLES;CNF 655185880 / NFC-e 000019516
30;18/04/2022;45534;10164;203.89;10.01;CARTEIRA COBRAN큐 SIMPLES;CNF 655232611 / RC 656378601 / NFC-e 000019542
30;18/04/2022;45534;10164;285.18;10.01;CARTEIRA COBRAN큐 SIMPLES;CNF 655232633 / NFC-e 000019544 / RC 656410295
30;19/04/2022;45534;10164;169.29;10.01;CARTEIRA COBRAN큐 SIMPLES;CNF 655232702 / RC 656572354 / NFC-e 000019548
30;19/04/2022;45534;10164;0.01;10.01;CARTEIRA COBRAN큐 SIMPLES;CNF 655232721 / RC 656572368 / NFC-e 000019549
30;19/04/2022;45534;10164;162.33;10.01;CARTEIRA COBRAN큐 SIMPLES;CNF 655232786 / NFC-e 000019555 / RC 656604678
30;18/04/2022;45534;10164;749.7;10.01;CARTEIRA COBRAN큐 SIMPLES;CNF 655429327 / NFC-e 000019520
30;18/04/2022;45534;10164;537.04;10.01;CARTEIRA COBRAN큐 SIMPLES;CNF 655429485 / NFC-e 000019526
30;18/04/2022;45534;10164;2763.0;10.01;CARTEIRA COBRAN큐 SIMPLES;CNF 655429535 / NFC-e 000027545
30;18/04/2022;45534;10164;95.0;10.01;CARTEIRA COBRAN큐 SIMPLES;CNF 656016566 / NFC-e 000019533 / RC 656335102
30;18/04/2022;45534;10164;1106.32;10.01;CARTEIRA COBRAN큐 SIMPLES;CNF 656016590 / NFC-e 000019537
30;18/04/2022;45534;10164;213.64;10.01;CARTEIRA COBRAN큐 SIMPLES;CNF 656016671 / RC 656449954 / RC 656449968 / NFC-e 000019545
30;19/04/2022;45534;10164;2773.4;10.01;CARTEIRA COBRAN큐 SIMPLES;CNF 656316480 / NFC-e 000014549
30;19/04/2022;45534;10164;1661.1;10.01;CARTEIRA COBRAN큐 SIMPLES;CNF 656316494 / NFC-e 000027555
30;19/04/2022;45534;10164;117.03;10.01;CARTEIRA COBRAN큐 SIMPLES;CNF 656316585 / NFC-e 000027560 / RC 656707960
30;20/04/2022;45534;10164;643.03;10.01;CARTEIRA COBRAN큐 SIMPLES;CNF 656604389 / RC 657225984 / NFC-e 000019593
30;20/04/2022;45534;10164;956.03;10.01;CARTEIRA COBRAN큐 SIMPLES;CNF 656604442 / RC 657326658 / NFC-e 000019603
30;20/04/2022;45534;10164;0.01;10.01;CARTEIRA COBRAN큐 SIMPLES;CNF 656604483 / RC 657357952 / NFC-e 000019604
30;19/04/2022;45534;10164;700.0;10.01;CARTEIRA COBRAN큐 SIMPLES;CNF 656754648 / NFC-e 000028060
30;19/04/2022;45534;10164;124.9;10.01;CARTEIRA COBRAN큐 SIMPLES;CNF 656754707 / NFC-e 000027573
30;20/04/2022;45534;10164;120.0;10.01;CARTEIRA COBRAN큐 SIMPLES;CNF 656845027 / NFC-e 000019575 / RC 657139279
30;20/04/2022;45534;10164;579.48;10.01;CARTEIRA COBRAN큐 SIMPLES;CNF 657010153 / RC 658912699 / NFC-e 000019688
30;20/04/2022;45534;10164;0.01;10.01;CARTEIRA COBRAN큐 SIMPLES;CNF 657010302 / RC 657179505 / NFC-e 000019585
30;20/04/2022;45534;10164;2370.0;10.01;CARTEIRA COBRAN큐 SIMPLES;CNF 657114926 / NFC-e 000028076
30;20/04/2022;45534;10164;488.04;10.01;CARTEIRA COBRAN큐 SIMPLES;CNF 657114959 / NFC-e 000020523
30;20/04/2022;45534;10164;948.66;10.01;CARTEIRA COBRAN큐 SIMPLES;CNF 657114989 / NFe 000015825
30;20/04/2022;45534;10164;0.01;10.01;CARTEIRA COBRAN큐 SIMPLES;CNF 657166479 / RC 657302307 / NFC-e 000019599
30;20/04/2022;45534;10164;539.9;10.01;CARTEIRA COBRAN큐 SIMPLES;CNF 657229090 / NFC-e 000019602
30;20/04/2022;45534;10164;167.03;10.01;CARTEIRA COBRAN큐 SIMPLES;CNF 657229168 / RC 657450826 / NFC-e 000019608
30;22/04/2022;45534;10164;117.03;10.01;CARTEIRA COBRAN큐 SIMPLES;CNF 657320102 / NFC-e 000019623 / RC 657829055
30;22/04/2022;45534;10164;269.0;10.01;CARTEIRA COBRAN큐 SIMPLES;CNF 657320122 / NFC-e 000019622 / RC 657829069
30;22/04/2022;45534;10164;87.15;10.01;CARTEIRA COBRAN큐 SIMPLES;CNF 657483384 / RC 657981232 / NFC-e 000019637
30;22/04/2022;45534;10164;619.11;10.01;CARTEIRA COBRAN큐 SIMPLES;CNF 657483413 / RC 657960772 / NFC-e 000019631
30;22/04/2022;45534;10164;577.22;10.01;CARTEIRA COBRAN큐 SIMPLES;CNF 657483549 / NFC-e 000028101
30;22/04/2022;45534;10164;167.03;10.01;CARTEIRA COBRAN큐 SIMPLES;CNF 657776475 / RC 657911658 / NFC-e 000028091
30;22/04/2022;45534;10164;625.24;10.01;CARTEIRA COBRAN큐 SIMPLES;CNF 657813570 / NFC-e 000027611
30;22/04/2022;45534;10164;200.0;10.01;CARTEIRA COBRAN큐 SIMPLES;CNF 657898063 / NFC-e 000020789
30;23/04/2022;45534;10164;0.01;10.01;CARTEIRA COBRAN큐 SIMPLES;CNF 657898234 / NFC-e 000028105 / RC 658346894
30;22/04/2022;45534;10164;200.0;10.01;CARTEIRA COBRAN큐 SIMPLES;CNF 657945585 / RC 658068796 / NFC-e 000019645
30;22/04/2022;45534;10164;1930.0;10.01;CARTEIRA COBRAN큐 SIMPLES;CNF 657945738 / NFC-e 000019687 / RC 658896632
30;22/04/2022;45534;10164;0.01;10.01;CARTEIRA COBRAN큐 SIMPLES;CNF 658025874 / RC 658224395 / NFC-e 000019652
30;22/04/2022;45534;10164;600.0;10.01;CARTEIRA COBRAN큐 SIMPLES;CNF 658026046 / RC 659199837 / NFC-e 000019703
30;23/04/2022;45534;10164;386.82;10.01;CARTEIRA COBRAN큐 SIMPLES;CNF 658134777 / RC 658382448 / NFC-e 000019667
30;23/04/2022;45534;10164;507.22;10.01;CARTEIRA COBRAN큐 SIMPLES;CNF 658262891 / RC 658498378 / NFC-e 000027630
30;23/04/2022;45534;10164;169.29;10.01;CARTEIRA COBRAN큐 SIMPLES;CNF 658262944 / RC 658498392 / NFC-e 000019674
30;23/04/2022;45534;10164;0.01;10.01;CARTEIRA COBRAN큐 SIMPLES;CNF 658262997 / NFC-e 000028115 / RC 658540974
30;23/04/2022;45534;10164;0.01;10.01;CARTEIRA COBRAN큐 SIMPLES;CNF 658436447 / NFC-e 000019683 / RC 658591456
30;25/04/2022;45534;10164;0.01;10.01;CARTEIRA COBRAN큐 SIMPLES;CNF 658436553 / RC 658939918 / NFC-e 000019691
30;26/04/2022;45534;10164;70.0;10.01;CARTEIRA COBRAN큐 SIMPLES;CNF 658440674 / NFC-e 000019709 / RC 659366945
30;25/04/2022;45534;10164;190.31;10.01;CARTEIRA COBRAN큐 SIMPLES;CNF 658494377 / NFC-e 000019693 / RC 659013160
30;25/04/2022;45534;10164;363.0;10.01;CARTEIRA COBRAN큐 SIMPLES;CNF 658494538 / NFC-e 000019696 / RC 659050919
30;26/04/2022;45534;10164;200.0;10.01;CARTEIRA COBRAN큐 SIMPLES;CNF 659053851 / NFC-e 000027648
30;26/04/2022;45534;10164;489.0;10.01;CARTEIRA COBRAN큐 SIMPLES;CNF 659053873 / NFC-e 000027649
30;25/04/2022;45534;10164;0.01;10.01;CARTEIRA COBRAN큐 SIMPLES;CNF 659116594 / RC 659269274 / NFC-e 000019706
30;26/04/2022;45534;10164;0.01;10.01;CARTEIRA COBRAN큐 SIMPLES;CNF 659409468 / NFC-e 000019719 / RC 659544656
30;26/04/2022;45534;10164;169.29;10.01;CARTEIRA COBRAN큐 SIMPLES;CNF 659495390 / RC 659621639 / NFC-e 000019723
30;26/04/2022;45534;10164;0.02;10.01;CARTEIRA COBRAN큐 SIMPLES;CNF 659495407 / RC 659621653 / NFC-e 000019724 / RC 659621681
30;26/04/2022;45534;10164;104.01;10.01;CARTEIRA COBRAN큐 SIMPLES;CNF 659547589 / NFC-e 000019728 / RC 659697401
30;26/04/2022;45534;10164;95.38;10.01;CARTEIRA COBRAN큐 SIMPLES;CNF 659547701 / NFC-e 000019730 / RC 659705642
30;27/04/2022;45534;10164;122.09;10.01;CARTEIRA COBRAN큐 SIMPLES;CNF 659771899 / RC 659909935 / NFC-e 000019738
30;28/04/2022;45534;10164;87.15;10.01;CARTEIRA COBRAN큐 SIMPLES;CNF 659824661 / RC 660519885 / NFC-e 000019783
30;29/04/2022;45534;10164;115.1;10.01;CARTEIRA COBRAN큐 SIMPLES;CNF 659824712 / RC 660662791 / NFC-e 000019792
30;27/04/2022;45534;10164;1560.0;10.01;CARTEIRA COBRAN큐 SIMPLES;CNF 659842116 / RC 659927609 / NFC-e 000019740
30;27/04/2022;45534;10164;252.0;10.01;CARTEIRA COBRAN큐 SIMPLES;CNF 659903075 / RC 659947760 / NFC-e 000019742
30;27/04/2022;45534;10164;1163.03;10.01;CARTEIRA COBRAN큐 SIMPLES;CNF 659929518 / NFC-e 000019749
30;28/04/2022;45534;10164;0.01;10.01;CARTEIRA COBRAN큐 SIMPLES;CNF 660152374 / RC 660236090 / NFC-e 000019760
30;28/04/2022;45534;10164;117.03;10.01;CARTEIRA COBRAN큐 SIMPLES;CNF 660152381 / NFC-e 000019761 / RC 660236076
30;28/04/2022;45534;10164;516.04;10.01;CARTEIRA COBRAN큐 SIMPLES;CNF 660213849 / RC 660318852 / NFC-e 000019764
30;28/04/2022;45534;10164;203.2;10.01;CARTEIRA COBRAN큐 SIMPLES;CNF 660213866 / RC 660342923 / NFC-e 000019767
30;28/04/2022;45534;10164;160.0;10.01;CARTEIRA COBRAN큐 SIMPLES;CNF 660302281 / NFC-e 000019946
30;30/04/2022;45534;10164;0.01;10.01;CARTEIRA COBRAN큐 SIMPLES;CNF 660358222 / RC 661122956 / NFC-e 000019818
30;30/04/2022;45534;10164;0.01;10.01;CARTEIRA COBRAN큐 SIMPLES;CNF 660358299 / RC 661194604 / NFC-e 000019828
30;28/04/2022;45534;10164;900.0;10.01;CARTEIRA COBRAN큐 SIMPLES;CNF 660436925 / NFC-e 000028171
30;29/04/2022;45534;10164;450.0;10.01;CARTEIRA COBRAN큐 SIMPLES;CNF 660497881 / NFC-e 000027694 / RC 660684471
30;29/04/2022;45534;10164;196.4;10.01;CARTEIRA COBRAN큐 SIMPLES;CNF 660665197 / RC 660810824 / NFC-e 000019802
30;30/04/2022;45534;10164;536.15;10.01;CARTEIRA COBRAN큐 SIMPLES;CNF 660987072 / NFC-e 000019832
30;30/04/2022;45534;10164;0.01;10.01;CARTEIRA COBRAN큐 SIMPLES;CNF 661048697 / NFC-e 000028191 / RC 661157308
30;30/04/2022;45534;10164;577.85;10.01;CARTEIRA COBRAN큐 SIMPLES;CNF 661137301 / NFC-e 000028193 / RC 661234751
30;30/04/2022;45534;10164;0.01;10.01;CARTEIRA COBRAN큐 SIMPLES;CNF 661158598 / NFC-e 000019829 / RC 661235774
30;30/04/2022;45534;10164;325.0;10.01;CARTEIRA COBRAN큐 SIMPLES;CNF 661175871 / NFC-e 000027710
30;30/04/2022;45534;10164;1364.02;10.01;CARTEIRA COBRAN큐 SIMPLES;CNF 661175907
30;30/04/2022;45534;10164;206.94;10.01;CARTEIRA COBRAN큐 SIMPLES;CNF 661189132 / RC 661386161 / NFC-e 000027716
30;01/04/2022;45534;10164;9.9;10.01;CARTEIRA COBRAN큐 SIMPLES;NFC-e 000019181
30;01/04/2022;45534;10164;99.79;10.01;CARTEIRA COBRAN큐 SIMPLES;NFC-e 000019183
30;01/04/2022;45534;10164;1485.0;10.01;CARTEIRA COBRAN큐 SIMPLES;NFC-e 000019161
30;01/04/2022;45534;10164;111.04;10.01;CARTEIRA COBRAN큐 SIMPLES;NFC-e 000019163
30;01/04/2022;45534;10164;99.79;10.01;CARTEIRA COBRAN큐 SIMPLES;NFC-e 000019164
30;01/04/2022;45534;10164;97.79;10.01;CARTEIRA COBRAN큐 SIMPLES;NFC-e 000019165
30;01/04/2022;45534;10164;128.0;10.01;CARTEIRA COBRAN큐 SIMPLES;NFC-e 000019168
30;01/04/2022;45534;10164;293.03;10.01;CARTEIRA COBRAN큐 SIMPLES;NFC-e 000019166
30;01/04/2022;45534;10164;111.04;10.01;CARTEIRA COBRAN큐 SIMPLES;NFC-e 000019193
30;01/04/2022;45534;10164;1170.0;10.01;CARTEIRA COBRAN큐 SIMPLES;NFC-e 000019177
30;01/04/2022;45534;10164;241.96;10.01;CARTEIRA COBRAN큐 SIMPLES;NFC-e 000019190
30;02/04/2022;45534;10164;134.99;10.01;CARTEIRA COBRAN큐 SIMPLES;NFC-e 000019196
30;02/04/2022;45534;10164;60.0;10.01;CARTEIRA COBRAN큐 SIMPLES;NFC-e 000019200
30;02/04/2022;45534;10164;30.0;10.01;CARTEIRA COBRAN큐 SIMPLES;NFC-e 000019202
30;02/04/2022;45534;10164;111.04;10.01;CARTEIRA COBRAN큐 SIMPLES;NFC-e 000019217
30;04/04/2022;45534;10164;136.22;10.01;CARTEIRA COBRAN큐 SIMPLES;NFC-e 000019225
30;04/04/2022;45534;10164;489.03;10.01;CARTEIRA COBRAN큐 SIMPLES;NFC-e 000019227
30;04/04/2022;45534;10164;763.43;10.01;CARTEIRA COBRAN큐 SIMPLES;NFC-e 000019228
30;04/04/2022;45534;10164;590.01;10.01;CARTEIRA COBRAN큐 SIMPLES;NFC-e 000019232
30;02/04/2022;45534;10164;269.0;10.01;CARTEIRA COBRAN큐 SIMPLES;NFC-e 000019204
30;02/04/2022;45534;10164;50.0;10.01;CARTEIRA COBRAN큐 SIMPLES;NFC-e 000019206
30;02/04/2022;45534;10164;19.9;10.01;CARTEIRA COBRAN큐 SIMPLES;NFC-e 000019215
30;06/04/2022;45534;10164;243.04;10.01;CARTEIRA COBRAN큐 SIMPLES;NFC-e 000019273
30;04/04/2022;45534;10164;529.1;10.01;CARTEIRA COBRAN큐 SIMPLES;NFC-e 000019230
30;04/04/2022;45534;10164;293.03;10.01;CARTEIRA COBRAN큐 SIMPLES;NFC-e 000019239
30;04/04/2022;45534;10164;99.79;10.01;CARTEIRA COBRAN큐 SIMPLES;NFC-e 000019240
30;04/04/2022;45534;10164;136.22;10.01;CARTEIRA COBRAN큐 SIMPLES;NFC-e 000019245
30;05/04/2022;45534;10164;218.1;10.01;CARTEIRA COBRAN큐 SIMPLES;NFC-e 000019250
30;05/04/2022;45534;10164;123.45;10.01;CARTEIRA COBRAN큐 SIMPLES;NFC-e 000019251
30;07/04/2022;45534;10164;100.0;10.01;CARTEIRA COBRAN큐 SIMPLES;NFC-e 000019316
30;05/04/2022;45534;10164;15.0;10.01;CARTEIRA COBRAN큐 SIMPLES;NFC-e 000019267
30;06/04/2022;45534;10164;124.0;10.01;CARTEIRA COBRAN큐 SIMPLES;NFC-e 000019271
30;06/04/2022;45534;10164;101.87;10.01;CARTEIRA COBRAN큐 SIMPLES;NFC-e 000019300
30;06/04/2022;45534;10164;127.0;10.01;CARTEIRA COBRAN큐 SIMPLES;NFC-e 000019275
30;06/04/2022;45534;10164;600.0;10.01;CARTEIRA COBRAN큐 SIMPLES;NFC-e 000019281
30;06/04/2022;45534;10164;535.0;10.01;CARTEIRA COBRAN큐 SIMPLES;NFC-e 000019283
30;07/04/2022;45534;10164;620.0;10.01;CARTEIRA COBRAN큐 SIMPLES;NFC-e 000019302
30;07/04/2022;45534;10164;742.05;10.01;CARTEIRA COBRAN큐 SIMPLES;NFC-e 000019303
30;07/04/2022;45534;10164;100.0;10.01;CARTEIRA COBRAN큐 SIMPLES;NFC-e 000019305
30;07/04/2022;45534;10164;437.77;10.01;CARTEIRA COBRAN큐 SIMPLES;NFC-e 000019309
30;07/04/2022;45534;10164;293.03;10.01;CARTEIRA COBRAN큐 SIMPLES;NFC-e 000019312
30;08/04/2022;45534;10164;99.83;10.01;CARTEIRA COBRAN큐 SIMPLES;NFC-e 000019331
30;08/04/2022;45534;10164;176.23;10.01;CARTEIRA COBRAN큐 SIMPLES;NFC-e 000019319
30;08/04/2022;45534;10164;599.94;10.01;CARTEIRA COBRAN큐 SIMPLES;NFC-e 000019322
30;08/04/2022;45534;10164;99.83;10.01;CARTEIRA COBRAN큐 SIMPLES;NFC-e 000019323
30;08/04/2022;45534;10164;1000.0;10.01;CARTEIRA COBRAN큐 SIMPLES;NFC-e 000019326
30;08/04/2022;45534;10164;785.0;10.01;CARTEIRA COBRAN큐 SIMPLES;NFC-e 000019334
30;09/04/2022;45534;10164;105.0;10.01;CARTEIRA COBRAN큐 SIMPLES;NFC-e 000019351
30;09/04/2022;45534;10164;154.84;10.01;CARTEIRA COBRAN큐 SIMPLES;NFC-e 000019367
30;08/04/2022;45534;10164;273.43;10.01;CARTEIRA COBRAN큐 SIMPLES;NFC-e 000019345
30;09/04/2022;45534;10164;539.9;10.01;CARTEIRA COBRAN큐 SIMPLES;NFC-e 000019352
30;09/04/2022;45534;10164;122.4;10.01;CARTEIRA COBRAN큐 SIMPLES;NFC-e 000019353
30;09/04/2022;45534;10164;111.9;10.01;CARTEIRA COBRAN큐 SIMPLES;NFC-e 000019354
30;11/04/2022;45534;10164;119.89;10.01;CARTEIRA COBRAN큐 SIMPLES;NFC-e 000019390
30;11/04/2022;45534;10164;137.1;10.01;CARTEIRA COBRAN큐 SIMPLES;NFC-e 000019401
30;11/04/2022;45534;10164;100.0;10.01;CARTEIRA COBRAN큐 SIMPLES;NFC-e 000019402
30;09/04/2022;45534;10164;200.0;10.01;CARTEIRA COBRAN큐 SIMPLES;NFC-e 000019366
30;09/04/2022;45534;10164;99.83;10.01;CARTEIRA COBRAN큐 SIMPLES;NFC-e 000019370
30;11/04/2022;45534;10164;27.0;10.01;CARTEIRA COBRAN큐 SIMPLES;NFC-e 000019371
30;11/04/2022;45534;10164;99.83;10.01;CARTEIRA COBRAN큐 SIMPLES;NFC-e 000019378
30;12/04/2022;45534;10164;20.0;10.01;CARTEIRA COBRAN큐 SIMPLES;NFC-e 000019420
30;11/04/2022;45534;10164;19.9;10.01;CARTEIRA COBRAN큐 SIMPLES;NFC-e 000019384
30;11/04/2022;45534;10164;99.83;10.01;CARTEIRA COBRAN큐 SIMPLES;NFC-e 000019388
30;11/04/2022;45534;10164;785.0;10.01;CARTEIRA COBRAN큐 SIMPLES;NFC-e 000019389
30;11/04/2022;45534;10164;141.4;10.01;CARTEIRA COBRAN큐 SIMPLES;NFC-e 000019391
30;11/04/2022;45534;10164;99.83;10.01;CARTEIRA COBRAN큐 SIMPLES;NFC-e 000019392
30;11/04/2022;45534;10164;139.56;10.01;CARTEIRA COBRAN큐 SIMPLES;NFC-e 000019396
30;11/04/2022;45534;10164;99.83;10.01;CARTEIRA COBRAN큐 SIMPLES;NFC-e 000019404
30;12/04/2022;45534;10164;100.0;10.01;CARTEIRA COBRAN큐 SIMPLES;NFC-e 000019407
30;12/04/2022;45534;10164;1130.0;10.01;CARTEIRA COBRAN큐 SIMPLES;NFC-e 000019410
30;13/04/2022;45534;10164;137.1;10.01;CARTEIRA COBRAN큐 SIMPLES;NFC-e 000019452
30;13/04/2022;45534;10164;293.03;10.01;CARTEIRA COBRAN큐 SIMPLES;NFC-e 000019463
30;14/04/2022;45534;10164;100.0;10.01;CARTEIRA COBRAN큐 SIMPLES;NFC-e 000019467
30;14/04/2022;45534;10164;137.1;10.01;CARTEIRA COBRAN큐 SIMPLES;NFC-e 000019469
30;14/04/2022;45534;10164;137.1;10.01;CARTEIRA COBRAN큐 SIMPLES;NFC-e 000019470
30;12/04/2022;45534;10164;463.82;10.01;CARTEIRA COBRAN큐 SIMPLES;NFC-e 000019414
30;12/04/2022;45534;10164;932.0;10.01;CARTEIRA COBRAN큐 SIMPLES;NFC-e 000019417
30;12/04/2022;45534;10164;295.42;10.01;CARTEIRA COBRAN큐 SIMPLES;NFC-e 000019419
30;12/04/2022;45534;10164;110.0;10.01;CARTEIRA COBRAN큐 SIMPLES;NFC-e 000019421
30;12/04/2022;45534;10164;103.57;10.01;CARTEIRA COBRAN큐 SIMPLES;NFC-e 000019424
30;13/04/2022;45534;10164;100.0;10.01;CARTEIRA COBRAN큐 SIMPLES;NFC-e 000019436
30;13/04/2022;45534;10164;125.3;10.01;CARTEIRA COBRAN큐 SIMPLES;NFC-e 000019442
30;13/04/2022;45534;10164;503.0;10.01;CARTEIRA COBRAN큐 SIMPLES;NFC-e 000019445
30;13/04/2022;45534;10164;99.83;10.01;CARTEIRA COBRAN큐 SIMPLES;NFC-e 000019446
30;13/04/2022;45534;10164;599.94;10.01;CARTEIRA COBRAN큐 SIMPLES;NFC-e 000019457
30;13/04/2022;45534;10164;654.75;10.01;CARTEIRA COBRAN큐 SIMPLES;NFC-e 000019449
30;13/04/2022;45534;10164;139.9;10.01;CARTEIRA COBRAN큐 SIMPLES;NFC-e 000019454
30;13/04/2022;45534;10164;154.84;10.01;CARTEIRA COBRAN큐 SIMPLES;NFC-e 000019456
30;14/04/2022;45534;10164;1340.0;10.01;CARTEIRA COBRAN큐 SIMPLES;NFC-e 000019465
30;14/04/2022;45534;10164;137.1;10.01;CARTEIRA COBRAN큐 SIMPLES;NFC-e 000019468
30;14/04/2022;45534;10164;2404.83;10.01;CARTEIRA COBRAN큐 SIMPLES;NFC-e 000019471
30;14/04/2022;45534;10164;139.56;10.01;CARTEIRA COBRAN큐 SIMPLES;NFC-e 000019473
30;14/04/2022;45534;10164;100.0;10.01;CARTEIRA COBRAN큐 SIMPLES;NFC-e 000019483
30;14/04/2022;45534;10164;505.74;10.01;CARTEIRA COBRAN큐 SIMPLES;NFC-e 000019488
30;14/04/2022;45534;10164;100.0;10.01;CARTEIRA COBRAN큐 SIMPLES;NFC-e 000019489
30;16/04/2022;45534;10164;137.1;10.01;CARTEIRA COBRAN큐 SIMPLES;NFC-e 000019496
30;18/04/2022;45534;10164;137.1;10.01;CARTEIRA COBRAN큐 SIMPLES;NFC-e 000019524
30;18/04/2022;45534;10164;1976.3;10.01;CARTEIRA COBRAN큐 SIMPLES;NFC-e 000019530
30;16/04/2022;45534;10164;106.82;10.01;CARTEIRA COBRAN큐 SIMPLES;NFC-e 000019497
30;16/04/2022;45534;10164;137.1;10.01;CARTEIRA COBRAN큐 SIMPLES;NFC-e 000019498
30;16/04/2022;45534;10164;137.1;10.01;CARTEIRA COBRAN큐 SIMPLES;NFC-e 000019507
30;16/04/2022;45534;10164;142.1;10.01;CARTEIRA COBRAN큐 SIMPLES;NFC-e 000019509
30;16/04/2022;45534;10164;137.1;10.01;CARTEIRA COBRAN큐 SIMPLES;NFC-e 000019513
30;18/04/2022;45534;10164;538.0;10.01;CARTEIRA COBRAN큐 SIMPLES;NFC-e 000019519
30;18/04/2022;45534;10164;137.1;10.01;CARTEIRA COBRAN큐 SIMPLES;NFC-e 000019521
30;18/04/2022;45534;10164;145.0;10.01;CARTEIRA COBRAN큐 SIMPLES;NFC-e 000019532
30;19/04/2022;45534;10164;213.1;10.01;CARTEIRA COBRAN큐 SIMPLES;NFC-e 000019551
30;19/04/2022;45534;10164;95.0;10.01;CARTEIRA COBRAN큐 SIMPLES;NFC-e 000019560
30;19/04/2022;45534;10164;100.0;10.01;CARTEIRA COBRAN큐 SIMPLES;NFC-e 000019564
30;20/04/2022;45534;10164;293.03;10.01;CARTEIRA COBRAN큐 SIMPLES;NFC-e 000019578
30;21/04/2022;45534;10164;111.9;10.01;CARTEIRA COBRAN큐 SIMPLES;NFC-e 000019617
30;20/04/2022;45534;10164;105.0;10.01;CARTEIRA COBRAN큐 SIMPLES;NFC-e 000019601
30;19/04/2022;45534;10164;440.02;10.01;CARTEIRA COBRAN큐 SIMPLES;NFC-e 000019566
30;20/04/2022;45534;10164;109.0;10.01;CARTEIRA COBRAN큐 SIMPLES;NFC-e 000019577
30;20/04/2022;45534;10164;109.9;10.01;CARTEIRA COBRAN큐 SIMPLES;NFC-e 000019580
30;20/04/2022;45534;10164;132.29;10.01;CARTEIRA COBRAN큐 SIMPLES;NFC-e 000019581
30;20/04/2022;45534;10164;107.0;10.01;CARTEIRA COBRAN큐 SIMPLES;NFC-e 000019584
30;20/04/2022;45534;10164;106.82;10.01;CARTEIRA COBRAN큐 SIMPLES;NFC-e 000019586
30;20/04/2022;45534;10164;534.83;10.01;CARTEIRA COBRAN큐 SIMPLES;NFC-e 000019588
30;21/04/2022;45534;10164;137.1;10.01;CARTEIRA COBRAN큐 SIMPLES;NFC-e 000019613
30;22/04/2022;45534;10164;106.82;10.01;CARTEIRA COBRAN큐 SIMPLES;NFC-e 000019619
30;22/04/2022;45534;10164;890.01;10.01;CARTEIRA COBRAN큐 SIMPLES;NFC-e 000019624
30;20/04/2022;45534;10164;193.06;10.01;CARTEIRA COBRAN큐 SIMPLES;NFC-e 000019592
30;20/04/2022;45534;10164;488.04;10.01;CARTEIRA COBRAN큐 SIMPLES;NFC-e 000019596
30;20/04/2022;45534;10164;103.57;10.01;CARTEIRA COBRAN큐 SIMPLES;NFC-e 000019597
30;20/04/2022;45534;10164;149.01;10.01;CARTEIRA COBRAN큐 SIMPLES;NFC-e 000019606
30;22/04/2022;45534;10164;106.82;10.01;CARTEIRA COBRAN큐 SIMPLES;NFC-e 000019633
30;22/04/2022;45534;10164;195.82;10.01;CARTEIRA COBRAN큐 SIMPLES;NFC-e 000019646
30;22/04/2022;45534;10164;106.82;10.01;CARTEIRA COBRAN큐 SIMPLES;NFC-e 000019621
30;22/04/2022;45534;10164;620.0;10.01;CARTEIRA COBRAN큐 SIMPLES;NFC-e 000019627
30;22/04/2022;45534;10164;9.0;10.01;CARTEIRA COBRAN큐 SIMPLES;NFC-e 000019626
30;22/04/2022;45534;10164;208.84;10.01;CARTEIRA COBRAN큐 SIMPLES;NFC-e 000019629
30;22/04/2022;45534;10164;106.82;10.01;CARTEIRA COBRAN큐 SIMPLES;NFC-e 000019634
30;22/04/2022;45534;10164;100.0;10.01;CARTEIRA COBRAN큐 SIMPLES;NFC-e 000019638
30;22/04/2022;45534;10164;606.13;10.01;CARTEIRA COBRAN큐 SIMPLES;NFC-e 000019649
30;22/04/2022;45534;10164;503.15;10.01;CARTEIRA COBRAN큐 SIMPLES;NFC-e 000019659
30;23/04/2022;45534;10164;440.02;10.01;CARTEIRA COBRAN큐 SIMPLES;NFC-e 000019661
30;23/04/2022;45534;10164;509.0;10.01;CARTEIRA COBRAN큐 SIMPLES;NFC-e 000019666
30;23/04/2022;45534;10164;99.0;10.01;CARTEIRA COBRAN큐 SIMPLES;NFC-e 000019668
30;23/04/2022;45534;10164;293.03;10.01;CARTEIRA COBRAN큐 SIMPLES;NFC-e 000019675
30;25/04/2022;45534;10164;320.46;10.01;CARTEIRA COBRAN큐 SIMPLES;NFC-e 000019689
30;23/04/2022;45534;10164;145.0;10.01;CARTEIRA COBRAN큐 SIMPLES;NFC-e 000019669
30;23/04/2022;45534;10164;137.1;10.01;CARTEIRA COBRAN큐 SIMPLES;NFC-e 000019678
30;23/04/2022;45534;10164;273.42;10.01;CARTEIRA COBRAN큐 SIMPLES;NFC-e 000019681
30;23/04/2022;45534;10164;599.94;10.01;CARTEIRA COBRAN큐 SIMPLES;NFC-e 000019684
30;25/04/2022;45534;10164;106.82;10.01;CARTEIRA COBRAN큐 SIMPLES;NFC-e 000019690
30;26/04/2022;45534;10164;107.0;10.01;CARTEIRA COBRAN큐 SIMPLES;NFC-e 000019707
30;26/04/2022;45534;10164;763.43;10.01;CARTEIRA COBRAN큐 SIMPLES;NFC-e 000019708
30;26/04/2022;45534;10164;600.0;10.01;CARTEIRA COBRAN큐 SIMPLES;NFC-e 000019710
30;25/04/2022;45534;10164;50.0;10.01;CARTEIRA COBRAN큐 SIMPLES;NFC-e 000019692
30;25/04/2022;45534;10164;137.0;10.01;CARTEIRA COBRAN큐 SIMPLES;NFC-e 000019698
30;25/04/2022;45534;10164;122.4;10.01;CARTEIRA COBRAN큐 SIMPLES;NFC-e 000019702
30;25/04/2022;45534;10164;1638.56;10.01;CARTEIRA COBRAN큐 SIMPLES;NFC-e 000019705
30;27/04/2022;45534;10164;1070.0;10.01;CARTEIRA COBRAN큐 SIMPLES;NFC-e 000019737
30;26/04/2022;45534;10164;109.0;10.01;CARTEIRA COBRAN큐 SIMPLES;NFC-e 000019718
30;26/04/2022;45534;10164;142.1;10.01;CARTEIRA COBRAN큐 SIMPLES;NFC-e 000019727
30;26/04/2022;45534;10164;96.0;10.01;CARTEIRA COBRAN큐 SIMPLES;NFC-e 000019733
30;28/04/2022;45534;10164;141.6;10.01;CARTEIRA COBRAN큐 SIMPLES;NFC-e 000019777
30;28/04/2022;45534;10164;74.38;10.01;CARTEIRA COBRAN큐 SIMPLES;NFC-e 000019779
30;29/04/2022;45534;10164;391.02;10.01;CARTEIRA COBRAN큐 SIMPLES;NFC-e 000019809
30;27/04/2022;45534;10164;132.29;10.01;CARTEIRA COBRAN큐 SIMPLES;NFC-e 000019744
30;27/04/2022;45534;10164;109.9;10.01;CARTEIRA COBRAN큐 SIMPLES;NFC-e 000019748
30;27/04/2022;45534;10164;99.5;10.01;CARTEIRA COBRAN큐 SIMPLES;NFC-e 000019751
30;28/04/2022;45534;10164;141.6;10.01;CARTEIRA COBRAN큐 SIMPLES;NFC-e 000019762
30;28/04/2022;45534;10164;1892.0;10.01;CARTEIRA COBRAN큐 SIMPLES;NFC-e 000019771
30;28/04/2022;45534;10164;159.01;10.01;CARTEIRA COBRAN큐 SIMPLES;NFC-e 000019770
30;28/04/2022;45534;10164;465.0;10.01;CARTEIRA COBRAN큐 SIMPLES;NFC-e 000019773
30;28/04/2022;45534;10164;204.82;10.01;CARTEIRA COBRAN큐 SIMPLES;NFC-e 000019781
30;29/04/2022;45534;10164;356.0;10.01;CARTEIRA COBRAN큐 SIMPLES;NFC-e 000019790
30;29/04/2022;45534;10164;732.35;10.01;CARTEIRA COBRAN큐 SIMPLES;NFC-e 000019795
30;29/04/2022;45534;10164;98.0;10.01;CARTEIRA COBRAN큐 SIMPLES;NFC-e 000019796
30;29/04/2022;45534;10164;111.04;10.01;CARTEIRA COBRAN큐 SIMPLES;NFC-e 000019797
30;29/04/2022;45534;10164;1048.0;10.01;CARTEIRA COBRAN큐 SIMPLES;NFC-e 000019806
30;29/04/2022;45534;10164;138.17;10.01;CARTEIRA COBRAN큐 SIMPLES;NFC-e 000019805
30;30/04/2022;45534;10164;535.0;10.01;CARTEIRA COBRAN큐 SIMPLES;NFC-e 000019840
30;13/04/2022;10265;10164;618.5;10.01;DUPLICATA - ITALIANA AUTOMOVEIS DO RECIFE LTDA;CNF 653481091 / NFe 000015795
